Country,Dish,Description,Recipe,Latitude,Longitude
Afghanistan,Kabuli Pulao,"A hearty meat, vegetable, and chickpea stew often served with naan bread","Ingredients: 500g basmati rice, 1kg lamb, 2 large carrots, 100g raisins, 50g slivered almonds, 1 large onion, 4 cloves garlic, 1 tsp cumin, 1 tsp cardamom, 1 tsp cinnamon, 1/2 tsp saffron, 100g yogurt, 4 tbsp vegetable oil, salt and pepper
 Instructions: Cook rice and set aside
 Sauté onions and garlic in oil, add lamb and brown
 Add spices, yogurt, and water, simmer until lamb is tender
 Julienne carrots, fry until soft, add raisins and almonds
 Layer rice and lamb, top with carrot mix, bake 30 mins
",33.93911,67.709953
Albania,Tavë Kosi,"Savory pastries filled with spinach and cheese, layered in thin, flaky dough","Ingredients: 1kg lamb, 2 cups yogurt, 4 eggs, 4 tbsp butter, 2 tbsp flour, 2 cloves garlic, salt, black pepper, oregano
 Instructions: Brown lamb in butter, season with salt, pepper, oregano
 Transfer to baking dish
 Mix yogurt, eggs, flour, and garlic, pour over lamb
 Bake at 180°C for 45 mins until golden
",41.153332,20.168331
Algeria,Couscous,"A rich, slow-cooked stew of lamb, vegetables, and a mix of spices","Ingredients: 500g couscous, 500g lamb or chicken, 2 onions, 4 carrots, 2 zucchinis, 1 can chickpeas, 1 tbsp tomato paste, 1 tsp harissa, 1 tsp cumin, 1 tsp paprika, 1/2 tsp turmeric, salt, olive oil
 Instructions: Steam couscous and set aside
 Sauté onions, add meat and brown
 Add spices, tomato paste, and water, simmer until meat is tender
 Add carrots, zucchinis, and chickpeas, cook until vegetables are tender
 Serve meat and vegetables over couscous
",28.033886,1.659626
Andorra,Escudella,"A traditional stew of meat, vegetables, and sometimes pasta, often cooked slowly over a wood fire","Ingredients: 500g pork ribs, 500g veal, 500g chicken, 200g sausage, 2 potatoes, 1 large carrot, 1 leek, 1 turnip, 1 cabbage, 200g chickpeas, 2 cloves garlic, 1 onion, salt, black pepper
 Instructions: Soak chickpeas overnight
 Boil all meats in water, skim off foam
 Add chickpeas, simmer 1 hour
 Add chopped vegetables, cook until tender
 Season with salt and pepper
 Serve hot
",42.546245,1.521801
Angola,Muamba de Galinha,"A flavorful stew made with chicken, okra, and palm oil, served with rice or funge","Ingredients: 1 whole chicken, 1 onion, 2 tomatoes, 1 tbsp tomato paste, 4 cloves garlic, 1 tsp paprika, 1 tsp chili powder, 200g palm oil, 200g okra, salt, pepper
 Instructions: Cut chicken into pieces, season with salt, pepper, paprika
 Sauté onions and garlic in palm oil, add chicken and brown
 Add tomatoes, tomato paste, chili powder, and water, simmer until chicken is tender
 Add okra, cook until soft
 Serve with rice or funge
",-11.202692,17.873887
Antigua and Barbuda,Fungee and Pepperpot,"A hearty, spicy soup made with leafy greens, okra, and often seafood or meat","Ingredients: 200g cornmeal, 1 liter water, 200g spinach, 200g okra, 2 eggplants, 1 large onion, 2 cloves garlic, 200g salted meat, 200g pig's tail, 200g fresh beef, 1 tbsp thyme, salt, pepper
 Instructions: Boil salted meat and pig's tail, discard water
 Add fresh beef, cook until tender
 Sauté onions and garlic, add vegetables, cook until soft
 Add meat, season with thyme, salt, pepper
 For fungee, boil water, gradually add cornmeal, stir until thick
 Serve fungee with pepperpot
",17.060816,-61.796428
Argentina,Asado,"A popular barbecue of various meats, typically including beef ribs and sausages, grilled slowly over an open fire","Ingredients: 1kg beef ribs, 1kg chorizo, 1kg morcilla, 1kg chinchulines, coarse salt
 Instructions: Prepare the grill with hot coals
 Season meats with coarse salt
 Place ribs on the grill, cook slowly over low heat for 2-3 hours
 Add chorizo, morcilla, and chinchulines, cook until done
 Serve with chimichurri sauce
",-38.416097,-63.616672
Armenia,Harissa,"Spicy sausages made with ground beef or lamb, seasoned with garlic and a mix of spices","Ingredients: 1 cup hulled wheat, 1kg chicken, 2 onions, 2 tbsp butter, salt, pepper
 Instructions: Soak wheat overnight
 Cook chicken in water until tender, shred meat
 Sauté onions in butter, add shredded chicken
 Add soaked wheat to chicken broth, simmer until thick and creamy
 Mix in chicken and onions, season with salt and pepper
 Serve hot
",40.069099,45.038189
Australia,Meat Pie,"A classic British-origin meat pie filled with minced meat, gravy, and vegetables","Ingredients: 500g minced beef, 1 onion, 1 carrot, 1 celery stick, 2 cloves garlic, 1 tbsp flour, 1 cup beef stock, 1 tbsp Worcestershire sauce, 2 sheets puff pastry, 1 egg
 Instructions: Sauté onions, garlic, carrot, and celery in oil until soft
 Add minced beef, cook until browned
 Stir in flour, cook for 1 minute
 Add beef stock and Worcestershire sauce, simmer until thickened
 Line pie dish with puff pastry, add filling, cover with pastry lid
 Brush with beaten egg, bake at 200°C for 25-30 mins until golden
",-25.274398,133.775136
Austria,Wiener Schnitzel,"A breaded and fried veal cutlet, traditionally served with potato salad or lingonberry sauce","Ingredients: 4 veal cutlets, 1 cup flour, 2 eggs, 1 cup breadcrumbs, salt, pepper, butter or oil for frying
 Instructions: Pound veal cutlets thin, season with salt and pepper
 Dredge in flour, dip in beaten eggs, coat with breadcrumbs
 Heat butter or oil in a pan, fry cutlets until golden brown on both sides
 Drain on paper towels, serve with lemon wedges
",47.516231,14.550072
Azerbaijan,Plov,"A rice pilaf made with saffron, layered with meat, dried fruits, and aromatic herbs","Ingredients: 2 cups basmati rice, 1kg lamb, 2 onions, 2 carrots, 1 cup dried apricots, 1 cup raisins, 1/2 cup slivered almonds, 1 tsp saffron, 4 tbsp butter, salt, pepper
 Instructions: Cook rice and set aside
 Sauté onions in butter, add lamb and brown
 Add carrots, apricots, raisins, almonds, and saffron, simmer until lamb is tender
 Layer rice and lamb mixture, bake at 180°C for 30 mins
",40.143105,47.576927
Bahamas,Cracked Conch,"A rich and creamy conch chowder, flavored with coconut milk and spices","Ingredients: 4 conch fillets, 1 cup flour, 1 tsp garlic powder, 1 tsp onion powder, 1 tsp paprika, salt, pepper, oil for frying
 Instructions: Pound conch fillets thin
 Mix flour with garlic powder, onion powder, paprika, salt, and pepper
 Dredge conch in seasoned flour
 Heat oil in a pan, fry conch until golden brown
 Serve with dipping sauce
",25.03428,-77.39628
Bahrain,Machboos,"A spiced chicken and rice dish, cooked with a blend of fragrant spices","Ingredients: 2 cups basmati rice, 1kg chicken, 2 onions, 2 tomatoes, 4 cloves garlic, 1 tbsp baharat spice mix, 1 tsp turmeric, 1 tsp cumin, 1 tsp cinnamon, 1/2 cup raisins, 1/2 cup slivered almonds, 4 tbsp ghee, salt, pepper
 Instructions: Cook rice and set aside
 Sauté onions and garlic in ghee, add chicken and brown
 Add tomatoes, spices, raisins, and almonds, simmer until chicken is tender
 Layer rice and chicken mixture, bake at 180°C for 30 mins
",26.0667,50.557731
Bangladesh,Fish Curry,"A mixed rice dish with fish, meat, vegetables, eggs, and spices, often served on special occasions","Ingredients: 1kg fish fillets, 2 onions, 2 tomatoes, 4 cloves garlic, 1 tbsp ginger paste, 1 tsp turmeric, 1 tsp cumin, 1 tsp coriander, 1 tsp chili powder, 1 cup coconut milk, 4 tbsp mustard oil, salt, pepper
 Instructions: Sauté onions, garlic, and ginger in mustard oil
 Add tomatoes and spices, cook until tomatoes are soft
 Add fish fillets, cook until fish is done
 Stir in coconut milk, simmer for 10 mins
 Serve with rice
",23.685,90.356331
Barbados,Cou-Cou and Flying Fish,"A cornmeal and okra dish often served with flying fish, and flavored with herbs and spices","Ingredients: 4 flying fish fillets, 1 cup cornmeal, 2 cups okra, 2 onions, 2 cloves garlic, 1 tomato, 1 lime, 1 tbsp butter, salt, pepper
 Instructions: Season fish with lime juice, salt, and pepper
 Sauté onions, garlic, and tomato in butter
 Add fish, cook until done
 Boil okra, add cornmeal gradually, stir until thick
 Serve fish over cou-cou
",13.193887,-59.543198
Belarus,Draniki,"A hearty soup made from beetroot, meat, and vegetables, served hot or cold","Ingredients: 4 potatoes, 1 onion, 1 egg, 2 tbsp flour, salt, pepper, oil for frying
 Instructions: Grate potatoes and onion
 Mix with egg, flour, salt, and pepper
 Heat oil in a pan, drop spoonfuls of the mixture, flatten slightly
 Fry until golden brown on both sides
 Serve hot with sour cream
",53.709807,27.953389
Belgium,Moules-Frites,"A traditional beef and onion stew made with beer, often served with fries","Ingredients: 1kg mussels, 1 onion, 2 cloves garlic, 1 cup white wine, 2 tbsp butter, 2 tbsp parsley, salt, pepper, 4 large potatoes, oil for frying
 Instructions: Sauté onion and garlic in butter
 Add mussels, white wine, salt, and pepper, cook until mussels open
 Sprinkle with parsley
 Cut potatoes into fries, fry in hot oil until golden and crispy
 Serve mussels with fries
",50.503887,4.469936
Belize,Rice and Beans,"A rice and beans dish cooked in coconut milk, served with stew chicken and fried plantains","Ingredients: 2 cups rice, 1 cup red kidney beans, 1 onion, 1 bell pepper, 2 cloves garlic, 1 cup coconut milk, 1 tsp thyme, 1 tsp black pepper, salt, oil
 Instructions: Soak beans overnight
 Cook beans with onion, garlic, bell pepper until tender
 Add rice, coconut milk, thyme, black pepper, and salt
 Simmer until rice is cooked
 Serve with stewed chicken or fish
",17.189877,-88.49765
Benin,Kuli-Kuli,"A slow-cooked peanut stew with chicken, often served with rice or fufu","Ingredients: 500g peanuts, 1 tsp ginger powder, 1 tsp chili powder, salt
 Instructions: Roast peanuts and grind into a paste
 Mix with ginger powder, chili powder, and salt
 Shape into small balls or sticks
 Fry in hot oil until golden brown
 Serve as a snack
",9.30769,2.315834
Bhutan,Ema Datshi,"A spicy stew of chilies and cheese, often served with red rice","Ingredients: 200g green chilies, 200g cheese (feta or farmer's cheese), 1 onion, 2 tomatoes, 2 cloves garlic, 1 tbsp butter, salt
 Instructions: Slice chilies, onion, tomatoes, and garlic
 Sauté onions and garlic in butter
 Add chilies, tomatoes, and cheese, cook until cheese melts
 Season with salt
 Serve with red rice
",27.514162,90.433601
Bolivia,Salteñas,"A savory pastry filled with meat, potatoes, peas, and spices, baked until golden","Ingredients: Dough: 4 cups flour, 1/2 cup sugar, 1/2 cup butter, 1 egg, 1 cup warm water; Filling: 500g beef or chicken, 2 onions, 2 potatoes, 1 cup peas, 1 cup beef broth, 1 tbsp paprika, 1 tbsp cumin, 1 tbsp oregano, salt, pepper, 2 hard-boiled eggs, 1/4 cup olives
 Instructions: Make dough by mixing flour, sugar, butter, egg, and water, let rest
 Cook meat with onions, potatoes, peas, broth, and spices until tender
 Add chopped hard-boiled eggs and olives
 Roll out dough, cut into circles, fill with meat mixture
 Fold and seal edges, bake at 200°C for 25-30 mins until golden
",-16.290154,-63.588653
Bosnia and Herzegovina,Ćevapi,"Grilled minced meat sausages, often served with flatbread and onions","Ingredients: 500g ground beef, 500g ground lamb, 1 onion, 2 cloves garlic, 1 tsp paprika, 1 tsp baking soda, salt, pepper
 Instructions: Mix all ingredients thoroughly, refrigerate for a few hours
 Shape into small sausages
 Grill or fry until cooked through
 Serve with pita bread and onions
",43.915886,17.679076
Botswana,Seswaa,A traditional meat stew made with beef and flavored with a variety of vegetables,"Ingredients: 1kg beef, 2 onions, 2 cloves garlic, 1 bay leaf, salt, water
 Instructions: Boil beef with onions, garlic, bay leaf, and salt until very tender
 Shred the meat, mash with a pestle
 Serve with pap (maize porridge) or rice
",-22.328474,24.684866
Brazil,Feijoada,"A black bean stew with pork, often served with rice, collard greens, and orange slices","Ingredients: 500g black beans, 1kg assorted pork cuts (ribs, sausages, bacon), 2 onions, 4 cloves garlic, 2 bay leaves, salt, pepper, 1 orange
 Instructions: Soak beans overnight
 Cook beans with pork, onions, garlic, bay leaves, salt, and pepper until tender
 Add orange slices, simmer for 10 mins
 Serve with rice and orange slices
",-14.235004,-51.92528
Brunei,Ambuyat,"A chicken and rice dish cooked with coconut milk and spices, often served during festivals","Ingredients: 500g sago starch, 1 liter water, salt, 200g fish, 1 onion, 2 cloves garlic, 1 chili, 1 tbsp tamarind paste, 1 tbsp shrimp paste
 Instructions: Mix sago starch with water, cook until thick and sticky
 Boil fish with onion, garlic, chili, tamarind paste, and shrimp paste until tender
 Serve sago with fish sauce
",4.535277,114.727669
Bulgaria,Banitsa,"A traditional pastry made of layered filo dough filled with a mixture of eggs, yogurt, and feta cheese","Ingredients: 500g filo pastry, 400g feta cheese, 4 eggs, 1 cup yogurt, 1 tsp baking soda, 1/2 cup melted butter
 Instructions: Mix crumbled feta, eggs, yogurt, and baking soda
 Layer filo pastry in a baking dish, brushing with melted butter
 Add cheese mixture, repeat layers
 Bake at 180°C for 30-40 mins until golden brown
",42.733883,25.48583
Burkina Faso,Riz Gras,"A savory peanut butter and tomato stew with meat, typically served with rice or millet","Ingredients: 2 cups rice, 500g chicken or beef, 2 onions, 2 tomatoes, 2 carrots, 2 cloves garlic, 1 tsp tomato paste, 1 tsp thyme, salt, pepper, oil
 Instructions: Sauté onions and garlic in oil
 Add meat and brown
 Add tomatoes, tomato paste, carrots, thyme, salt, and pepper
 Add rice and water, simmer until rice is cooked
 Serve hot
",12.238333,-1.561593
Burundi,Boko Boko Harees,"A thick porridge made from cassava or cornmeal, often served with a vegetable or meat sauce","Ingredients: 1 cup wheat grains, 1kg chicken, 2 onions, 4 cloves garlic, 1 tbsp cumin, 1 tsp cardamom, salt, pepper, water
 Instructions: Boil wheat grains until tender
 Cook chicken with onions, garlic, cumin, cardamom, salt, and pepper until tender
 Shred chicken, mix with wheat grains
 Simmer until thick
 Serve hot
",-3.373056,29.918886
Côte d'Ivoire,Attiéké,"A dish made from fermented cassava, often served with fried fish and a spicy sauce","Ingredients: 500g cassava couscous (attiéké), 500g fish, 2 onions, 2 tomatoes, 2 cloves garlic, 1 chili, 1 lime, salt, pepper, oil
 Instructions: Steam attiéké and set aside
 Marinate fish with lime juice, salt, and pepper
 Fry fish until golden
 Sauté onions, garlic, tomatoes, and chili in oil
 Serve fish with attiéké and sauce
",7.539989,-5.54708
Cabo Verde,Cachupa,"A rich stew of beans, corn, sweet potatoes, and often sausage or pork","Ingredients: 2 cups hominy corn, 1 cup kidney beans, 500g pork, 500g sausage, 2 onions, 2 cloves garlic, 2 tomatoes, 1 bay leaf, 1 tsp paprika, salt, pepper, oil
 Instructions: Soak corn and beans overnight
 Cook pork with onions, garlic, tomatoes, bay leaf, and paprika until tender
 Add soaked corn and beans, simmer until soft
 Add sausage, cook for another 30 mins
 Serve hot
",16.002082,-23.616671
Cambodia,Amok Trey,"A traditional dish featuring fish cooked in coconut milk with spices, steamed in banana leaves","Ingredients: 500g fish fillets, 1 cup coconut milk, 1 tbsp fish sauce, 1 tbsp palm sugar, 2 eggs, 4 kaffir lime leaves, 1 tsp turmeric, 1 tsp lemongrass, 1 tsp galangal, banana leaves, salt
 Instructions: Blend turmeric, lemongrass, and galangal into a paste
 Mix coconut milk, fish sauce, palm sugar, eggs, and spice paste
 Place fish in banana leaves, pour mixture over fish, fold leaves into packets
 Steam for 20 minutes
 Serve hot
",12.565679,104.990963
Cameroon,Ndolé,"A spicy stew made with bitterleaf or spinach, meat, ground peanuts, and spices","Ingredients: 500g bitterleaf or spinach, 1kg beef or fish, 2 onions, 2 cloves garlic, 1 cup ground peanuts, 1 cup shrimp, 1 tbsp crayfish, salt, pepper, oil
 Instructions: Boil bitterleaf, rinse to reduce bitterness
 Cook meat or fish with onions and garlic until tender
 Add ground peanuts, shrimp, and crayfish, simmer
 Add bitterleaf, cook until sauce thickens
 Season with salt and pepper
 Serve hot
",7.369722,12.354722
Canada,Poutine,A dish of fries topped with cheese curds and smothered in hot gravy,"Ingredients: 4 large potatoes, 1 cup cheese curds, 2 cups beef gravy, oil for frying
 Instructions: Cut potatoes into fries, fry in hot oil until golden and crispy
 Place fries on a plate, sprinkle with cheese curds
 Pour hot beef gravy over fries and cheese
 Serve immediately
",56.130366,-106.346771
Central African Republic,Muamba de Galinha,"A flavorful chicken stew cooked with palm butter, onions, garlic, and tomatoes","Ingredients: 1 whole chicken, 1 onion, 2 tomatoes, 4 cloves garlic, 1 tbsp tomato paste, 1 tsp paprika, 1 tsp chili powder, 200g palm oil, 200g okra, salt, pepper
 Instructions: Cut chicken into pieces, season with salt, pepper, paprika
 Sauté onions and garlic in palm oil, add chicken and brown
 Add tomatoes, tomato paste, chili powder, and water, simmer until chicken is tender
 Add okra, cook until soft
 Serve with rice or funge
",6.611111,20.939444
Chad,Boule,"A staple food made from millet flour, cooked into a thick porridge","Ingredients: 2 cups millet flour, 1 liter water, salt
 Instructions: Boil water with a pinch of salt
 Gradually add millet flour, stirring constantly
 Cook until mixture thickens and pulls away from the sides of the pot
 Shape into balls and serve with sauce
",15.454166,18.732207
Chile,Pastel de Choclo,"A savory pie with a filling of beef, onions, olives, and hard-boiled eggs, topped with a sweet corn mixture","Ingredients: 500g ground beef, 2 onions, 4 cloves garlic, 1 tsp cumin, 1 tsp paprika, 4 cups corn kernels, 1 cup milk, 2 eggs, 1/4 cup olives, salt, pepper, oil
 Instructions: Sauté onions and garlic in oil, add ground beef and brown
 Add cumin, paprika, salt, and pepper, cook until meat is done
 Blend corn kernels with milk, cook until thick
 Layer meat, olives, and hard-boiled eggs in a baking dish
 Cover with corn mixture, bake at 180°C for 30 mins until golden
",-35.675147,-71.542969
China,Peking Duck,"A famous roasted duck dish with crispy skin, often served with pancakes, hoisin sauce, and green onions","Ingredients: 1 whole duck, 1/4 cup soy sauce, 1/4 cup honey, 1/4 cup hoisin sauce, 2 tbsp rice vinegar, 2 tsp five-spice powder, 1 tsp salt, 1 tsp sugar, green onions, pancakes
 Instructions: Prick duck skin, pour boiling water over to tighten skin
 Mix soy sauce, honey, hoisin sauce, rice vinegar, five-spice powder, salt, and sugar
 Brush mixture over duck, let marinate for several hours
 Roast duck at 180°C for 1.5-2 hours until crispy
 Serve with green onions and pancakes
",35.86166,104.195397
Colombia,Bandeja Paisa,"A large platter including rice, beans, fried plantain, chorizo, pork belly, and eggs","Ingredients: 1 cup white rice, 1 cup red beans, 1 plantain, 1 avocado, 4 chorizo sausages, 4 eggs, 1 cup pork belly, salt, pepper, oil
 Instructions: Cook rice and set aside
 Boil beans until tender
 Fry plantain and pork belly until crispy
 Grill chorizo and fry eggs
 Assemble rice, beans, plantain, chorizo, pork belly, and eggs on a platter
 Serve with avocado slices
",4.570868,-74.297333
Comoros,Langouste a la Vanille,A luxurious dish of lobster cooked in a creamy coconut milk sauce flavored with vanilla,"Ingredients: 2 lobsters, 1 vanilla bean, 1 cup coconut milk, 2 tbsp butter, 1 lemon, salt, pepper
 Instructions: Split vanilla bean, scrape seeds into coconut milk, heat gently
 Boil lobsters until done, remove meat
 Sauté lobster meat in butter, add coconut milk and vanilla
 Season with salt, pepper, and lemon juice
 Serve hot
",-11.6455,43.333333
Congo (Congo-Brazzaville),Saka-Saka,A traditional dish of cooked cassava leaves with ground peanuts and palm oil,"Ingredients: 500g cassava leaves, 1 onion, 2 cloves garlic, 1 cup palm oil, 1 cup ground peanuts, salt, pepper
 Instructions: Boil cassava leaves until tender, drain
 Sauté onions and garlic in palm oil
 Add cassava leaves and ground peanuts, simmer
 Season with salt and pepper
 Serve hot
",-0.228021,15.827659
Costa Rica,Gallo Pinto,"A traditional breakfast dish of rice and beans, cooked with onions, garlic, and bell pepper","Ingredients: 2 cups cooked white rice, 1 cup cooked black beans, 1 onion, 1 red bell pepper, 2 cloves garlic, 1 tbsp Lizano sauce, salt, pepper, oil
 Instructions: Sauté onions, garlic, and bell pepper in oil
 Add rice and beans, cook until heated through
 Stir in Lizano sauce, season with salt and pepper
 Serve hot
",9.748917,-83.753428
Croatia,Peka,"A slow-cooked dish of meat and vegetables, often baked under an iron bell","Ingredients: 1kg lamb or veal, 4 potatoes, 2 carrots, 2 onions, 4 cloves garlic, 2 tomatoes, 1 cup white wine, rosemary, salt, pepper, olive oil
 Instructions: Cut meat and vegetables into chunks
 Place in a baking dish, drizzle with olive oil, add rosemary, salt, and pepper
 Cover and bake at 180°C for 2 hours, occasionally basting with white wine
 Serve hot
",45.1,15.2
Cuba,Ropa Vieja,"A shredded beef stew cooked with tomatoes, onions, and peppers, often served with rice","Ingredients: 500g flank steak, 2 onions, 1 green bell pepper, 2 cloves garlic, 2 tomatoes, 1 cup tomato sauce, 1 cup beef broth, 1 tsp cumin, 1 tsp oregano, salt, pepper, olive oil
 Instructions: Cook flank steak in beef broth until tender, shred meat
 Sauté onions, bell pepper, and garlic in olive oil
 Add tomatoes, tomato sauce, shredded meat, cumin, oregano, salt, and pepper
 Simmer until sauce thickens
 Serve hot with rice
",21.521757,-77.781167
Cyprus,Souvla,"Large chunks of meat marinated with herbs, skewered, and grilled over an open flame"," Ingredients: 1kg pork or lamb, 4 cloves garlic, 2 lemons, 1 tbsp oregano, 1/4 cup olive oil, salt, pepper
 Instructions: Cut meat into large chunks
 Marinate with minced garlic, lemon juice, oregano, olive oil, salt, and pepper for several hours
 Skewer meat and grill over charcoal until cooked through
 Serve hot
",35.126413,33.429859
Czechia (Czech Republic),Svíčková,A braised beef dish served with a creamy vegetable sauce and dumplings,"Ingredients: 1kg beef sirloin, 2 onions, 2 carrots, 2 parsnips, 1 celery root, 1 cup cream, 2 tbsp flour, 4 cloves, 4 allspice berries, 2 bay leaves, 1 tbsp vinegar, 1 tbsp sugar, salt, pepper, butter
 Instructions: Brown beef in butter, set aside
 Sauté onions, carrots, parsnips, and celery root in butter
 Add beef, cloves, allspice, bay leaves, vinegar, and sugar
 Cover with water, simmer until beef is tender
 Remove beef, blend vegetables into a sauce, stir in cream and flour
 Season with salt and pepper
 Serve sauce over sliced beef
",49.817492,15.472962
Democratic Republic of the Congo,Moambe Chicken,"A flavorful chicken stew cooked with palm butter, onions, garlic, and tomatoes","Ingredients: 1 whole chicken, 1 cup palm butter, 1 onion, 2 tomatoes, 2 cloves garlic, salt, pepper
 Instructions: Cut chicken into pieces, brown in oil
 Add chopped onions, garlic, and tomatoes, cook until soft
 Add palm butter, season with salt and pepper, simmer until chicken is tender
 Serve with rice or fufu
",-4.038333,23.822263
Denmark,Frikadeller,"Pan-fried meatballs made of ground pork, often served with potatoes and gravy","Ingredients: 500g ground pork, 1 onion, 1 egg, 1/2 cup breadcrumbs, 1/2 cup milk, salt, pepper, butter for frying
 Instructions: Mix all ingredients thoroughly
 Shape into small balls
 Fry in butter until golden brown and cooked through
 Serve with boiled potatoes and gravy
",56.26392,9.501785
Djibouti,Skudahkharis,"A fragrant rice dish with lamb, onions, garlic, tomatoes, and spices","Ingredients: 500g lamb, 2 onions, 2 tomatoes, 2 cloves garlic, 1 tsp cumin, 1 tsp cardamom, 1 cup rice, salt, pepper, oil
 Instructions: Brown lamb in oil
 Add chopped onions, garlic, and tomatoes, cook until soft
 Add spices, rice, and water, simmer until rice is cooked and lamb is tender
 Serve hot
",11.825138,42.590275
Dominica,Callaloo Soup,"A hearty, spicy soup made with leafy greens, okra, and often seafood or meat","Ingredients: 500g callaloo leaves or spinach, 1 onion, 1 tomato, 2 cloves garlic, 1 scotch bonnet pepper, 1 cup coconut milk, salt, pepper
 Instructions: Sauté chopped onions, garlic, and tomato in oil
 Add callaloo leaves, cook until wilted
 Add coconut milk, scotch bonnet pepper, salt, and pepper, simmer until flavors meld
 Serve hot
",15.414999,-61.370976
Dominican Republic,La Bandera,"A traditional meal consisting of rice, red beans, and meat, typically served with salad","Ingredients: 500g beef, 2 cups white rice, 1 cup red beans, 1 onion, 2 cloves garlic, 1 bell pepper, 1 tomato, salt, pepper, oil
 Instructions: Cook beef with onions, garlic, bell pepper, and tomato until tender
 Cook rice and beans separately
 Serve beef with rice and beans on the side
",18.735693,-70.162651
Ecuador,Encebollado,"A hearty fish stew with yuca, onions, tomatoes, and spices, often served with lemon","Ingredients: 500g tuna, 2 onions, 2 tomatoes, 2 cloves garlic, 1 tsp cumin, 1 tsp oregano, 2 cups yuca, 1 lemon, salt, pepper
 Instructions: Boil tuna, flake and set aside
 Sauté onions, garlic, and tomatoes in oil
 Add cumin, oregano, yuca, and water, simmer until yuca is tender
 Add flaked tuna, season with salt, pepper, and lemon juice
 Serve hot
",-1.831239,-78.183406
Egypt,Koshari,"A popular street food of rice, lentils, macaroni, and spicy tomato sauce, topped with fried onions","Ingredients: 1 cup rice, 1 cup lentils, 1 cup macaroni, 2 onions, 2 cloves garlic, 1 cup tomato sauce, 1 tsp cumin, 1 tsp coriander, salt, pepper, oil
 Instructions: Cook rice, lentils, and macaroni separately
 Sauté onions and garlic in oil, add tomato sauce and spices, simmer
 Layer rice, lentils, and macaroni on a plate, top with sauce
 Serve hot
",26.820553,30.802498
El Salvador,Pupusa,"Thick corn tortillas stuffed with cheese, beans, and sometimes meat, grilled until crispy","Ingredients: 2 cups masa harina, 1 cup water, 1 cup cheese, 1 cup refried beans, salt
 Instructions: Mix masa harina with water and salt to form dough
 Flatten dough, fill with cheese and beans, fold and seal
 Cook on a hot griddle until golden brown
 Serve hot
",13.794185,-88.89653
Equatorial Guinea,Succotash,"A traditional stew of corn, beans, and vegetables, often flavored with palm oil","Ingredients: 1 cup corn kernels, 1 cup lima beans, 1 onion, 1 bell pepper, 2 cloves garlic, 2 tomatoes, salt, pepper, butter
 Instructions: Sauté chopped onions, garlic, and bell pepper in butter
 Add corn, lima beans, and tomatoes, cook until tender
 Season with salt and pepper
 Serve hot
",1.650801,10.267895
Eritrea,Zigni,"A spicy beef stew made with berbere spice, often served with injera (a type of flatbread)","Ingredients: 500g beef, 2 onions, 2 tomatoes, 2 cloves garlic, 1 tsp berbere spice, 1 cup beef broth, salt, pepper, oil
 Instructions: Sauté chopped onions and garlic in oil
 Add beef and brown
 Add tomatoes, berbere spice, and beef broth, simmer until beef is tender
 Season with salt and pepper
 Serve with injera
",15.179384,39.782334
Estonia,Verivorst,"Blood sausages made with pork, barley, and spices, traditionally served during winter holidays","Ingredients: 500g pork, 200g barley, 1 onion, 2 cloves garlic, 1 tsp allspice, 1 tsp marjoram, 1 tsp black pepper, salt, sausage casings
 Instructions: Cook barley until tender
 Mix with minced pork, chopped onions, garlic, and spices
 Stuff mixture into sausage casings
 Bake or boil until cooked through
 Serve hot
",58.595272,25.013607
Eswatini (fmr. 'Swaziland'),Sishwala,A traditional beef stew served over a thick maize porridge,"Ingredients: 500g beef, 2 onions, 2 tomatoes, 2 cloves garlic, 1 cup maize meal, salt, pepper, oil
 Instructions: Sauté chopped onions and garlic in oil
 Add beef and brown
 Add tomatoes and water, simmer until beef is tender
 Cook maize meal with water to make porridge
 Serve beef stew over maize porridge
",-26.522503,31.465866
Ethiopia,Doro Wat,"A spicy chicken stew made with berbere spice and hard-boiled eggs, served with injera","Ingredients: 1 whole chicken, 2 onions, 4 cloves garlic, 1 tbsp ginger, 1 tsp berbere spice, 1 cup chicken broth, 4 hard-boiled eggs, salt, pepper, oil
 Instructions: Sauté chopped onions, garlic, and ginger in oil
 Add chicken and brown
 Add berbere spice and chicken broth, simmer until chicken is tender
 Add hard-boiled eggs, season with salt and pepper
 Serve with injera
",9.145,39.782334
Fiji,Kokoda,"A raw fish salad marinated in lemon juice and mixed with coconut milk, onions, and tomatoes","Ingredients: 500g fish fillets, 1 cup coconut milk, 1 lemon, 1 onion, 1 tomato, salt, pepper
 Instructions: Dice fish fillets, marinate in lemon juice and salt for 30 mins
 Drain, mix with chopped onions and tomatoes
 Add coconut milk, season with salt and pepper
 Serve chilled
",-17.713371,179.414413
Finland,Karjalanpaisti,"A hearty stew of beef and pork, cooked with onions, potatoes, and carrots until tender","Ingredients: 500g beef, 500g pork, 2 onions, 4 potatoes, 2 carrots, 1 tsp allspice, salt, pepper, water
 Instructions: Cut meat into chunks, place in a pot with chopped onions, potatoes, and carrots
 Add allspice, salt, and pepper, cover with water
 Simmer until meat is tender
 Serve hot
",61.92411,25.748151
France,Coq au Vin,"A classic French dish of chicken braised with wine, mushrooms, and onions","Ingredients: 1 whole chicken, 1 cup red wine, 2 onions, 2 carrots, 200g mushrooms, 4 cloves garlic, 1 tbsp tomato paste, 2 tbsp flour, 4 strips bacon, 2 tbsp butter, salt, pepper, thyme, bay leaf
 Instructions: Cut chicken into pieces, brown in butter. Add bacon, onions, carrots, and garlic, cook until soft. Stir in flour and tomato paste, cook for 1 min. Add wine, mushrooms, thyme, and bay leaf, simmer until chicken is tender. Season with salt and pepper, serve hot.
",46.603354,2.213749
Gabon,Poulet Nyembwe,A Gabonese dish featuring chicken cooked in palm nut sauce,"Ingredients: 1 whole chicken, 1 cup palm nut sauce, 2 onions, 2 tomatoes, 2 cloves garlic, 1 tbsp ginger, salt, pepper
 Instructions: Cut chicken into pieces, brown in oil. Add chopped onions, garlic, and tomatoes, cook until soft. Add palm nut sauce, ginger, salt, and pepper, simmer until chicken is tender. Serve with rice or plantains.
",-0.803689,11.609444
Gambia,Domoda,"A Gambian groundnut stew made with meat and vegetables, served over rice","Ingredients: 500g meat (beef or chicken), 2 onions, 2 tomatoes, 4 cloves garlic, 1 cup peanut butter, 2 tbsp tomato paste, 2 cups water, 1 tsp chili powder, salt, pepper
 Instructions: Brown meat in oil, set aside. Sauté onions, garlic, and tomatoes until soft. Stir in peanut butter, tomato paste, and water, cook until smooth. Add meat, chili powder, salt, and pepper, simmer until meat is tender. Serve with rice.
",13.443182,-16.600334
Georgia,Khachapuri,"A Georgian cheese-filled bread, often topped with an egg","Ingredients: 2 cups flour, 1 cup water, 1 cup cheese (feta or sulguni), 1 egg, 1 tbsp yeast, 1 tsp salt, 1 tsp sugar
 Instructions: Mix flour, yeast, salt, sugar, and water to form dough. Let rise for 1 hour. Roll out dough, fill with cheese, fold edges to enclose filling. Bake at 200°C for 20 mins. Crack egg on top, bake for another 5 mins. Serve hot.
",42.315407,43.356892
Germany,Sauerbraten,"A German pot roast, typically made with marinated beef","Ingredients: 1kg beef, 2 onions, 2 carrots, 2 cloves garlic, 2 cups red wine, 1 cup vinegar, 1 tbsp sugar, 1 tsp peppercorns, 1 tsp juniper berries, 2 bay leaves, salt, pepper, oil
 Instructions: Marinate beef in wine, vinegar, sugar, peppercorns, juniper berries, and bay leaves for 3 days. Brown meat in oil, add onions, carrots, and garlic, cook until soft. Add marinade, simmer until meat is tender. Serve with potatoes or dumplings.
",51.165691,10.451526
Ghana,Jollof Rice,A popular West African dish of rice cooked in a flavorful tomato and pepper sauce,"Ingredients: 2 cups rice, 1kg chicken, 2 onions, 4 tomatoes, 1 bell pepper, 4 cloves garlic, 1 cup tomato paste, 1 tsp thyme, 1 tsp curry powder, salt, pepper, oil
 Instructions: Brown chicken in oil, set aside. Sauté onions, garlic, tomatoes, and bell pepper until soft. Stir in tomato paste, thyme, curry powder, salt, and pepper. Add rice and chicken, cover with water, simmer until rice is cooked and chicken is tender. Serve hot.
",7.946527,-1.023194
Greece,Moussaka,"A Greek casserole made with layers of eggplant, minced meat, and béchamel sauce","Ingredients: 2 eggplants, 500g ground beef, 2 onions, 4 cloves garlic, 2 tomatoes, 1 cup béchamel sauce, 1 cup grated cheese, 1 tsp cinnamon, salt, pepper, oil
 Instructions: Slice and salt eggplants, let sit for 30 mins. Brown ground beef with onions, garlic, and tomatoes. Add cinnamon, salt, and pepper. Layer eggplants and meat in a baking dish, top with béchamel sauce and cheese. Bake at 180°C for 40 mins. Serve hot.
",39.074208,21.824312
Grenada,Oil Down,"The national dish of Grenada, a stew made with breadfruit, salted meat, and vegetables","Ingredients: 1 breadfruit, 500g salted meat (pork or fish), 2 onions, 4 cloves garlic, 1 coconut, 1 tsp turmeric, 1 tsp thyme, salt, pepper, oil
 Instructions: Peel and slice breadfruit. Sauté onions and garlic in oil, add salted meat, cook until browned. Add breadfruit, coconut milk, turmeric, thyme, salt, and pepper. Cover and simmer until breadfruit is tender and liquid is absorbed. Serve hot.
",12.1165,-61.679008
Guatemala,Pepian,"A traditional Guatemalan stew made with meat, vegetables, and spices, served with rice","Ingredients: 1kg chicken, 2 onions, 4 tomatoes, 2 cloves garlic, 1 bell pepper, 1/4 cup pumpkin seeds, 1/4 cup sesame seeds, 1 tsp cinnamon, 1 tsp cloves, 1 tsp cumin, salt, pepper, oil
 Instructions: Toast pumpkin and sesame seeds, grind to a powder. Brown chicken in oil, set aside. Sauté onions, garlic, tomatoes, and bell pepper until soft. Add ground seeds, cinnamon, cloves, cumin, salt, and pepper. Add chicken and water, simmer until tender. Serve with rice.
",15.783471,-90.230759
Guinea,Poulet Yassa,"A West African dish of chicken marinated in lemon juice and onions, then grilled","Ingredients: 1 whole chicken, 4 onions, 4 cloves garlic, 1/2 cup lemon juice, 1/4 cup mustard, 1 tbsp thyme, salt, pepper, oil
 Instructions: Marinate chicken in lemon juice, mustard, garlic, thyme, salt, and pepper for 2 hours. Brown chicken in oil, set aside. Sauté onions until caramelized. Add chicken and marinade, simmer until tender. Serve with rice.
",9.945587,-9.696645
Guinea-Bissau,Jollof Rice,A popular West African dish of rice cooked in a flavorful tomato and pepper sauce,"Ingredients: 2 cups rice, 1kg chicken, 2 onions, 4 tomatoes, 1 bell pepper, 4 cloves garlic, 1 cup tomato paste, 1 tsp thyme, 1 tsp curry powder, salt, pepper, oil
 Instructions: Brown chicken in oil, set aside. Sauté onions, garlic, tomatoes, and bell pepper until soft. Stir in tomato paste, thyme, curry powder, salt, and pepper. Add rice and chicken, cover with water, simmer until rice is cooked and chicken is tender. Serve hot.
",11.803749,-15.180413
Guyana,Pepperpot,"A Guyanese dish of meat stewed with spices, often served with rice","Ingredients: 1kg beef, 500g pork, 1 onion, 4 cloves garlic, 2 tbsp cassareep, 2 bay leaves, 1 tsp thyme, salt, pepper, oil
 Instructions: Brown beef and pork in oil, set aside. Sauté onion and garlic until soft. Add meat, cassareep, bay leaves, thyme, salt, and pepper. Cover with water, simmer until meat is tender. Serve with rice.
",4.860416,-58.93018
Haiti,Griot,"A Haitian dish of marinated pork, usually served with rice and beans","Ingredients: 1kg pork, 2 limes, 2 onions, 4 cloves garlic, 1 scotch bonnet pepper, 1/4 cup vinegar, 1 tsp thyme, salt, pepper, oil
 Instructions: Marinate pork in lime juice, vinegar, onions, garlic, scotch bonnet, thyme, salt, and pepper for 2 hours. Brown pork in oil, add marinade, simmer until tender. Serve with rice and beans.
",18.971187,-72.285215
Holy See,Minestrone,"A traditional Italian vegetable soup, often made with seasonal vegetables and beans","Ingredients: 2 cups mixed vegetables, 1 cup beans, 1 onion, 2 cloves garlic, 2 tomatoes, 4 cups broth, 1 cup pasta, 1 tsp basil, 1 tsp oregano, salt, pepper, oil
 Instructions: Sauté onion and garlic in oil, add tomatoes and mixed vegetables, cook until soft. Add broth, beans, basil, oregano, salt, and pepper. Simmer until vegetables are tender. Add pasta, cook until al dente. Serve hot.
",41.902916,12.451436
Honduras,Plato Tipico,"A Honduran dish featuring a mix of meats, beans, rice, and plantains","Ingredients: 500g beef, 2 plantains, 2 cups rice, 1 cup red beans, 2 onions, 2 cloves garlic, 1 bell pepper, salt, pepper, oil
 Instructions: Cook rice and beans separately. Fry plantains until golden. Sauté onions, garlic, and bell pepper in oil, add beef, cook until browned. Serve beef with rice, beans, and plantains.
",15.199999,-86.241905
Hungary,Goulash,"A Hungarian stew made with meat, onions, and paprika, served with noodles or bread","Ingredients: 1kg beef, 2 onions, 2 cloves garlic, 2 tomatoes, 2 tbsp paprika, 1 tsp caraway seeds, 4 cups beef broth, salt, pepper, oil
 Instructions: Brown beef in oil, set aside. Sauté onions and garlic until soft. Add beef, tomatoes, paprika, caraway seeds, salt, and pepper. Cover with broth, simmer until meat is tender. Serve with noodles or bread.
",47.162494,19.503304
Iceland,Hákarl,A traditional Icelandic dish of fermented shark,"Ingredients: 1 shark, 1 tbsp salt
 Instructions: Clean and gut shark, cut into pieces. Bury in gravel for 6-12 weeks, allow to ferment. Hang to dry for several months. Cut into small pieces, serve.
",64.963051,-19.020835
India,Biryani,"An Indian mixed rice dish made with spices, meat, and vegetables","Ingredients: 2 cups basmati rice, 1kg chicken, 2 onions, 4 cloves garlic, 1 cup yogurt, 1 tsp turmeric, 1 tsp cumin, 1 tsp garam masala, 1/2 tsp saffron, salt, pepper, oil
 Instructions: Cook rice and set aside. Marinate chicken in yogurt, turmeric, cumin, garam masala, saffron, salt, and pepper. Sauté onions and garlic in oil, add chicken, cook until browned. Layer chicken and rice in a pot, cover, cook on low heat until tender. Serve hot.
",20.593684,78.96288
Indonesia,Rendang,An Indonesian dish of slow-cooked beef with coconut milk and spices,"Ingredients: 1kg beef, 2 onions, 4 cloves garlic, 1 cup coconut milk, 1 tbsp ginger, 1 tbsp lemongrass, 1 tsp turmeric, 1 tsp chili powder, salt, pepper, oil
 Instructions: Sauté onions, garlic, ginger, and lemongrass in oil. Add beef, cook until browned. Stir in coconut milk, turmeric, chili powder, salt, and pepper. Simmer until beef is tender and sauce is thick. Serve hot.
",-0.789275,113.921327
Iran,Kebab,A popular Middle Eastern dish of grilled meat served with flatbread,"Ingredients: 1kg lamb, 2 onions, 4 cloves garlic, 1 tsp cumin, 1 tsp coriander, 1 tsp paprika, salt, pepper, oil
 Instructions: Marinate lamb in onions, garlic, cumin, coriander, paprika, salt, and pepper for 2 hours. Skewer meat, grill until cooked through. Serve with flatbread.
",32.427908,53.688046
Iraq,Masgouf,"Iraq's national dish, featuring grilled or roasted fish seasoned with spices","Ingredients: 1 whole fish, 1 lemon, 2 onions, 4 cloves garlic, 1 tsp turmeric, 1 tsp sumac, 1 tsp salt, 1 tsp pepper, oil
 Instructions: Clean and score fish, marinate in lemon juice, turmeric, sumac, salt, and pepper for 1 hour. Grill fish over an open flame until cooked through. Serve with grilled onions and garlic.
",33.223191,43.679291
Ireland,Irish Stew,"A traditional Irish stew made with lamb, potatoes, and carrots","Ingredients: 1kg lamb, 4 potatoes, 4 carrots, 2 onions, 1 tbsp thyme, 4 cups beef broth, salt, pepper
 Instructions: Brown lamb in a pot, set aside. Sauté onions until soft. Add lamb, potatoes, carrots, thyme, salt, pepper, and broth. Simmer until meat is tender and vegetables are cooked. Serve hot.
",53.41291,-8.24389
Israel,Shakshuka,A Middle Eastern dish of poached eggs in a spicy tomato sauce,"Ingredients: 4 eggs, 2 onions, 4 cloves garlic, 4 tomatoes, 1 bell pepper, 1 tsp cumin, 1 tsp paprika, salt, pepper, oil
 Instructions: Sauté onions, garlic, and bell pepper in oil until soft. Add tomatoes, cumin, paprika, salt, and pepper, simmer until thick. Make wells in sauce, crack eggs into wells, cover, cook until eggs are set. Serve hot.
",31.046051,34.851612
Italy,Pizza,"An iconic Italian dish, typically made with tomato sauce, cheese, and various toppings","Ingredients: 2 cups flour, 1 cup water, 1 tsp yeast, 1 tsp salt, 1 cup tomato sauce, 1 cup mozzarella cheese, toppings of choice
 Instructions: Mix flour, yeast, salt, and water to form dough. Let rise for 1 hour. Roll out dough, top with tomato sauce, cheese, and desired toppings. Bake at 250°C for 10-15 mins. Serve hot.
",41.87194,12.56738
Jamaica,Ackee and Saltfish,"A Jamaican dish of salted fish cooked with ackee fruit, often served with dumplings and breadfruit","Ingredients: 500g saltfish, 2 cans ackee, 2 onions, 2 tomatoes, 1 bell pepper, 4 cloves garlic, 1 tsp thyme, salt, pepper, oil
 Instructions: Soak saltfish overnight, boil and flake. Sauté onions, garlic, bell pepper, and tomatoes in oil. Add saltfish, thyme, salt, and pepper, cook until combined. Gently fold in ackee, cook until heated through. Serve hot.
",18.109581,-77.297508
Japan,Sushi,A traditional Japanese dish of vinegared rice served with various seafood and vegetables,"Ingredients: 2 cups sushi rice, 2 cups water, 1/4 cup rice vinegar, 1 tsp sugar, 1/2 tsp salt, various seafood and vegetables
 Instructions: Rinse rice, cook with water. Mix rice vinegar, sugar, and salt, fold into cooked rice. Slice seafood and vegetables. Shape rice into small mounds, top with seafood and vegetables. Serve with soy sauce and wasabi.
",36.204824,138.252924
Jordan,Mansaf,A Jordanian dish of lamb cooked with yogurt and served over rice,"Ingredients: 1kg lamb, 2 cups yogurt, 2 onions, 4 cloves garlic, 1 tsp turmeric, 1 tsp cumin, 1 tsp cinnamon, 4 cups rice, salt, pepper
 Instructions: Brown lamb in oil, set aside. Sauté onions and garlic until soft. Add yogurt, turmeric, cumin, cinnamon, salt, and pepper, simmer. Add lamb, cook until tender. Serve over rice.
",30.585164,36.238414
Kazakhstan,Beshbarmak,"A Kazakh dish of boiled meat served over flat noodles, often with onions and broth","Ingredients: 1kg meat (lamb or beef), 4 onions, 2 cloves garlic, 4 cups broth, 1 tsp cumin, salt, pepper, noodles
 Instructions: Boil meat with onions, garlic, cumin, salt, and pepper until tender. Remove meat, slice thinly. Cook noodles in broth. Serve meat over noodles with broth.
",48.019573,66.923684
Kenya,Nyama Choma,"A Kenyan dish of grilled meat, typically served with a side of vegetables or starch","Ingredients: 1kg meat (beef or goat), 2 lemons, 4 cloves garlic, 1 tsp chili powder, salt, pepper
 Instructions: Marinate meat in lemon juice, garlic, chili powder, salt, and pepper for 2 hours. Grill meat over charcoal until cooked through. Serve with kachumbari salad.
",-1.286389,37.906193
Kiribati,Ika Mata,"A traditional dish from Kiribati, made with raw fish marinated in coconut cream","Ingredients: 500g fish fillets, 1 cup coconut cream, 1 lemon, 1 onion, 1 tomato, salt, pepper
 Instructions: Dice fish fillets, marinate in lemon juice and salt for 30 mins. Drain, mix with chopped onions and tomatoes. Add coconut cream, season with salt and pepper. Serve chilled.
",-3.370417,-168.734039
Kuwait,Machboos,"A Kuwaiti spiced rice dish with meat, typically chicken or lamb","Ingredients: 2 cups basmati rice, 1kg chicken, 2 onions, 2 tomatoes, 4 cloves garlic, 1 tbsp baharat spice mix, 1 tsp turmeric, 1 tsp cumin, 1 tsp cinnamon, 1/2 cup raisins, 1/2 cup slivered almonds, 4 tbsp ghee, salt, pepper
 Instructions: Cook rice and set aside. Sauté onions and garlic in ghee, add chicken and brown. Add tomatoes, spices, raisins, and almonds, simmer until chicken is tender. Layer rice and chicken mixture, bake at 180°C for 30 mins.
",29.31166,47.481766
Kyrgyzstan,Beshbarmak,"A traditional Kyrgyz dish of boiled meat served over flat noodles, often with onions and broth","Ingredients: 1kg meat (lamb or beef), 4 onions, 2 cloves garlic, 4 cups broth, 1 tsp cumin, salt, pepper, noodles
 Instructions: Boil meat with onions, garlic, cumin, salt, and pepper until tender. Remove meat, slice thinly. Cook noodles in broth. Serve meat over noodles with broth.
",41.20438,74.766098
Laos,Larb,"A Laotian salad made with minced meat, herbs, and lime juice","Ingredients: 500g minced meat (chicken or pork), 1 onion, 2 cloves garlic, 1 tbsp fish sauce, 1 tbsp lime juice, 1 tsp chili flakes, fresh mint, fresh cilantro, salt, pepper
 Instructions: Cook minced meat in a pan until browned. Add chopped onions and garlic, cook until soft. Stir in fish sauce, lime juice, chili flakes, salt, and pepper. Garnish with mint and cilantro. Serve warm.
",19.85627,102.495496
Latvia,Rye Bread Soup,"A Latvian dessert soup made with rye bread, dried fruit, and whipped cream","Ingredients: 2 cups rye bread crumbs, 1 cup dried fruit, 1/2 cup sugar, 1 tsp cinnamon, 4 cups water, whipped cream
 Instructions: Boil rye bread crumbs and dried fruit in water until soft. Add sugar and cinnamon, simmer until thickened. Serve chilled with whipped cream.
",56.879635,24.603189
Lebanon,Kibbeh,"A Lebanese dish of ground meat and bulgur, often served raw or baked","Ingredients: 500g ground meat (lamb or beef), 1 cup bulgur, 1 onion, 1 tsp allspice, 1 tsp cinnamon, 1 tsp cumin, salt, pepper, oil
 Instructions: Soak bulgur in water until soft, drain. Mix with ground meat, chopped onion, allspice, cinnamon, cumin, salt, and pepper. Shape into balls or patties, fry in oil until golden. Serve with yogurt.
",33.854721,35.862285
Lesotho,Papa,"A staple food in Lesotho, made from maize flour and water, served with meat or vegetables","Ingredients: 2 cups maize flour, 4 cups water, salt
 Instructions: Boil water with a pinch of salt. Gradually add maize flour, stirring constantly. Cook until mixture thickens and pulls away from the sides of the pot. Shape into balls and serve with sauce.
",-29.609988,28.233608
Liberia,Palm Butter Soup,A Liberian dish of tender beef cooked in a rich and spicy palm butter sauce,"Ingredients: 500g beef, 2 onions, 4 cloves garlic, 1 cup palm butter, 1 cup chicken broth, 1 tsp cayenne pepper, salt, pepper
 Instructions: Sauté chopped onions and garlic in oil. Add beef and brown. Stir in palm butter, chicken broth, cayenne pepper, salt, and pepper. Simmer until beef is tender. Serve with rice or fufu.
",6.428055,-9.429499
Libya,Couscous,A Libyan dish of steamed semolina served with meat and vegetables,"Ingredients: 2 cups couscous, 1kg lamb, 2 onions, 4 carrots, 2 zucchinis, 1 can chickpeas, 1 tbsp tomato paste, 1 tsp harissa, 1 tsp cumin, 1 tsp paprika, 1/2 tsp turmeric, salt, olive oil
 Instructions: Steam couscous and set aside. Sauté onions, add meat and brown. Add spices, tomato paste, and water, simmer until meat is tender. Add carrots, zucchinis, and chickpeas, cook until vegetables are tender. Serve meat and vegetables over couscous.
",26.3351,17.228331
Liechtenstein,Rösti,"A Liechtenstein dish of grated and fried potatoes, often served with meat or cheese","Ingredients: 4 potatoes, salt, pepper, butter
 Instructions: Grate potatoes, season with salt and pepper. Heat butter in a pan, add grated potatoes, press down to form a flat cake. Cook until golden brown on both sides. Serve hot.
",47.166,9.555373
Lithuania,Cepelinai,"A Lithuanian dish of potato dumplings filled with meat, usually served with sour cream and bacon","Ingredients: 4 potatoes, 500g ground meat, 1 onion, 1 egg, salt, pepper, sour cream, bacon
 Instructions: Grate potatoes, squeeze out excess liquid. Mix with egg, salt, and pepper. Shape into dumplings, fill with ground meat and chopped onions. Boil until cooked through. Serve with sour cream and fried bacon.
",55.169438,23.881275
Luxembourg,Judd mat Gaardebounen,A Luxembourgish dish of smoked pork collar served with broad beans and potatoes,"Ingredients: 1kg smoked pork collar, 500g broad beans, 4 potatoes, 2 onions, 2 cloves garlic, 1 tbsp mustard, salt, pepper
 Instructions: Boil smoked pork collar until tender, set aside. Sauté onions and garlic in oil. Add broad beans, potatoes, mustard, salt, and pepper. Simmer until vegetables are tender. Serve pork with beans and potatoes.
",49.815273,6.129583
Madagascar,Romazava,"A traditional Malagasy stew made with beef, pork, or chicken, and leafy greens","Ingredients: 500g beef, 500g pork, 1 bunch of leafy greens, 2 onions, 4 cloves garlic, 1 tbsp ginger, 1 tbsp tomato paste, salt, pepper, oil
 Instructions: Brown beef and pork in oil, set aside. Sauté onions, garlic, and ginger until soft. Add tomato paste, salt, and pepper. Add leafy greens, beef, and pork, simmer until meat is tender. Serve hot.
",-18.766947,46.869107
Malawi,Nsima,"A Malawian staple food made from ground maize, often served with meat or vegetable stew","Ingredients: 2 cups maize flour, 4 cups water, salt
 Instructions: Boil water with a pinch of salt. Gradually add maize flour, stirring constantly. Cook until mixture thickens and pulls away from the sides of the pot. Shape into balls and serve with sauce.
",-13.254308,34.301525
Malaysia,Nasi Lemak,"A Malaysian dish of rice cooked in coconut milk, served with anchovies, peanuts, and boiled eggs","Ingredients: 2 cups rice, 1 cup coconut milk, 1 cup water, 1 tsp salt, 1 cucumber, 2 boiled eggs, 1/2 cup fried anchovies, 1/2 cup roasted peanuts, sambal
 Instructions: Cook rice with coconut milk, water, and salt. Serve with sliced cucumber, boiled eggs, fried anchovies, roasted peanuts, and sambal.
",4.210484,101.975766
Maldives,Garudhiya,"A Maldivian fish soup, typically made with tuna, coconut, and lime","Ingredients: 500g tuna, 4 cups water, 2 onions, 4 cloves garlic, 1 tbsp ginger, 1 tsp chili powder, salt
 Instructions: Boil tuna, onions, garlic, and ginger in water until tuna is cooked. Add chili powder and salt, simmer for 10 mins. Serve with rice and lime.
",3.202778,73.539144
Mali,Tô,"A Malian dish of millet or sorghum porridge, often served with a sauce made from meat or vegetables","Ingredients: 2 cups millet flour, 4 cups water, salt
 Instructions: Boil water with a pinch of salt. Gradually add millet flour, stirring constantly. Cook until mixture thickens and pulls away from the sides of the pot. Shape into balls and serve with sauce.
",17.570692,-3.996166
Malta,Fenek,A Maltese dish of rabbit stewed in wine and garlic,"Ingredients: 1 rabbit, 2 onions, 4 cloves garlic, 1 cup red wine, 1 tbsp tomato paste, 1 tsp thyme, salt, pepper, oil
 Instructions: Brown rabbit in oil, set aside. Sauté onions and garlic until soft. Add wine, tomato paste, thyme, salt, and pepper. Add rabbit, simmer until tender. Serve with potatoes or bread.
",35.937496,14.375416
Marshall Islands,Spam Musubi,"A popular dish in the Marshall Islands, made with spam, rice, and nori (seaweed)","Ingredients: 1 can spam, 2 cups sushi rice, 2 cups water, 1/4 cup soy sauce, 1/4 cup sugar, nori (seaweed)
 Instructions: Cook rice with water. Slice spam, fry in a pan with soy sauce and sugar until caramelized. Shape rice into small blocks, top with spam slice, wrap with nori. Serve.
",7.131474,171.184478
Mauritania,Thieboudienne,"A Mauritanian dish of fish cooked with rice, vegetables, and spices","Ingredients: 2 cups rice, 1kg fish, 2 onions, 2 tomatoes, 2 carrots, 2 bell peppers, 1/2 cup tomato paste, 1 tbsp parsley, 1 tsp thyme, salt, pepper, oil
 Instructions: Cook fish with onions, tomatoes, and tomato paste until tender, set aside. Sauté vegetables in oil, add parsley, thyme, salt, and pepper. Add rice, cover with water, simmer until cooked. Serve fish over rice and vegetables.
",21.00789,-10.940835
Mauritius,Dholl Puri,"A Mauritian flatbread stuffed with yellow split peas, often served with curry","Ingredients: 2 cups flour, 1 cup yellow split peas, 2 cloves garlic, 1 tsp cumin, salt, oil
 Instructions: Cook split peas with garlic and cumin, mash into a paste. Mix flour with water and salt to form dough. Roll out dough, fill with split pea paste, fold and seal. Cook on a hot griddle until golden brown. Serve with curry.
",-20.348404,57.552152
Mexico,Tacos,"A Mexican dish of corn tortillas filled with various meats, cheese, and vegetables","Ingredients: 1kg meat (beef, chicken, or pork), 12 corn tortillas, 1 onion, 2 cloves garlic, 1 tbsp chili powder, 1 tbsp cumin, salt, pepper, toppings (cheese, lettuce, salsa, etc.)
 Instructions: Brown meat with onions, garlic, chili powder, cumin, salt, and pepper. Warm tortillas on a griddle. Fill tortillas with meat, top with desired toppings. Serve hot.
",23.634501,-102.552784
Micronesia,Taro with Coconut Cream,A traditional Micronesian dish of taro root cooked with coconut cream,"Ingredients: 1kg taro root, 1 cup coconut cream, 1 onion, salt, pepper
 Instructions: Peel and dice taro root, boil until tender. Sauté onions in oil, add coconut cream, salt, and pepper. Add cooked taro, simmer until flavors meld. Serve hot.
",7.425554,150.550812
Moldova,Mămăligă,"A Moldovan dish of cornmeal porridge, often served with cheese, sour cream, or pork","Ingredients: 2 cups cornmeal, 4 cups water, 1 tsp salt, cheese, sour cream
 Instructions: Boil water with salt. Gradually add cornmeal, stirring constantly. Cook until thickened and pulls away from the sides of the pot. Serve with cheese and sour cream.
",47.411631,28.369885
Monaco,Barbagiuan,"A Monacan pastry filled with ricotta cheese and Swiss chard, usually fried or baked","Ingredients: 2 cups flour, 1 cup ricotta cheese, 1 cup Swiss chard, 1 egg, 1 onion, salt, pepper, oil for frying
 Instructions: Mix flour, ricotta, Swiss chard, egg, onion, salt, and pepper to form a filling. Roll out dough, cut into circles, fill with mixture, fold and seal. Fry in hot oil until golden brown. Serve hot.
",43.733334,7.424615
Mongolia,Buuz,"A Mongolian dish of steamed dumplings filled with meat, typically mutton or beef","Ingredients: 2 cups flour, 1 cup water, 500g minced meat (beef or mutton), 1 onion, salt, pepper
 Instructions: Mix flour and water to form dough, let rest. Mix minced meat with chopped onions, salt, and pepper. Roll out dough, cut into circles, fill with meat mixture, fold and seal. Steam until cooked through. Serve hot.
",46.862496,103.846656
Montenegro,Cevapi,"A Montenegrin dish of grilled minced meat sausages, often served with flatbread","Ingredients: 500g ground beef, 500g ground lamb, 1 onion, 2 cloves garlic, 1 tsp paprika, 1 tsp baking soda, salt, pepper
 Instructions: Mix all ingredients thoroughly, refrigerate for a few hours. Shape into small sausages. Grill or fry until cooked through. Serve with pita bread and onions.
",42.708678,19.37439
Morocco,Tagine,"A Moroccan stew made with meat, vegetables, and spices, cooked in a clay pot","Ingredients: 1kg lamb, 2 onions, 2 carrots, 2 zucchinis, 1 cup chickpeas, 2 cloves garlic, 1 tbsp ras el hanout, 1 tsp cinnamon, 1 tsp ginger, salt, pepper, oil
 Instructions: Brown lamb in oil, set aside. Sauté onions, garlic, carrots, and zucchinis until soft. Add lamb, chickpeas, ras el hanout, cinnamon, ginger, salt, and pepper. Cover and simmer until lamb is tender. Serve hot.
",31.791702,-7.09262
Mozambique,Peri-Peri Chicken,A Mozambican dish of chicken marinated with peri-peri sauce and grilled,"Ingredients: 1 whole chicken, 1/4 cup peri-peri sauce, 2 cloves garlic, 1 lemon, salt, pepper, oil
 Instructions: Marinate chicken in peri-peri sauce, minced garlic, lemon juice, salt, and pepper for 2 hours. Grill or roast chicken until cooked through. Serve with rice or salad.
",-18.665695,35.529562
Myanmar (formerly Burma),Mohinga,"A Burmese dish of rice noodles in a fish-based soup, often garnished with coriander and lime","Ingredients: 500g fish, 2 onions, 4 cloves garlic, 1 tbsp ginger, 1 tbsp lemongrass, 1 cup rice noodles, 1 tsp turmeric, 1 tsp fish sauce, salt, pepper
 Instructions: Boil fish, flake and set aside. Sauté onions, garlic, ginger, and lemongrass in oil. Add fish, turmeric, fish sauce, salt, and pepper. Simmer until flavors meld. Serve over rice noodles.
",21.916221,95.956223
Namibia,Biltong,"A Namibian dish of air-dried meat, usually beef or game","Ingredients: 1kg beef, 1/2 cup vinegar, 2 tbsp salt, 1 tbsp coriander, 1 tsp black pepper
 Instructions: Marinate beef in vinegar, salt, coriander, and black pepper for 24 hours. Hang to dry in a well-ventilated area for 3-7 days until firm. Slice thinly and serve.
",-22.95764,18.49041
Nauru,Coconut Fish,"A Nauruan dish of fish cooked in coconut milk, often served with rice","ngredients: 500g fish fillets, 1 cup coconut milk, 1 lemon, 1 onion, 1 tomato, salt, pepper
 Instructions: Dice fish fillets, marinate in lemon juice and salt for 30 mins. Drain, mix with chopped onions and tomatoes. Add coconut milk, season with salt and pepper. Serve chilled.
",-0.522778,166.931503
Nepal,Dal Bhat,"A traditional Nepali meal of steamed rice and lentil soup, served with vegetable curries and pickles","Ingredients: 2 cups rice, 1 cup lentils, 2 onions, 2 tomatoes, 2 cloves garlic, 1 tbsp ginger, 1 tsp turmeric, 1 tsp cumin, 1 tsp coriander, salt, pepper, oil
 Instructions: Cook rice and set aside. Boil lentils until tender. Sauté onions, garlic, and ginger in oil, add tomatoes, turmeric, cumin, coriander, salt, and pepper. Add cooked lentils, simmer until flavors meld. Serve with rice.
",28.394857,84.124008
Netherlands,Stamppot,"A Dutch dish of mashed potatoes mixed with various vegetables, often served with sausage","Ingredients: 4 potatoes, 2 cups kale, 1 onion, 1 sausage, salt, pepper, butter
 Instructions: Boil potatoes and kale until tender, drain. Mash with butter, salt, and pepper. Sauté onions and sausage until browned, mix into mashed potatoes. Serve hot.
",52.132633,5.291266
New Zealand,Pavlova,A New Zealand dessert of meringue topped with whipped cream and fresh fruit,"Ingredients: 4 egg whites, 1 cup sugar, 1 tsp vinegar, 1 tsp cornstarch, whipped cream, fresh fruit
 Instructions: Beat egg whites until stiff, gradually add sugar, beat until glossy. Fold in vinegar and cornstarch. Shape into a circle on baking paper, bake at 150°C for 1 hour. Cool, top with whipped cream and fresh fruit. Serve.
",-40.900557,174.885971
Nicaragua,Gallo Pinto,"A Nicaraguan dish of rice and beans, often served with cheese and plantains","Ingredients: 2 cups cooked rice, 1 cup cooked black beans, 1 onion, 1 red bell pepper, 2 cloves garlic, 1 tbsp Lizano sauce, salt, pepper, oil
 Instructions: Sauté onions, garlic, and bell pepper in oil. Add rice and beans, cook until heated through. Stir in Lizano sauce, season with salt and pepper. Serve hot.
",12.865416,-85.207229
Niger,Fufu,"A Nigerian dish of pounded yam or cassava, served with a variety of soups and stews","Ingredients: 2 cups cassava flour, 4 cups water, salt
 Instructions: Boil water with a pinch of salt. Gradually add cassava flour, stirring constantly. Cook until mixture thickens and pulls away from the sides of the pot. Shape into balls and serve with soup or stew.
",17.607789,8.081666
Nigeria,Jollof Rice,A popular West African dish of rice cooked in a flavorful tomato and pepper sauce,"Ingredients: 2 cups rice, 1kg chicken, 2 onions, 4 tomatoes, 1 bell pepper, 4 cloves garlic, 1 cup tomato paste, 1 tsp thyme, 1 tsp curry powder, salt, pepper, oil
 Instructions: Brown chicken in oil, set aside. Sauté onions, garlic, tomatoes, and bell pepper until soft. Stir in tomato paste, thyme, curry powder, salt, and pepper. Add rice and chicken, cover with water, simmer until rice is cooked and chicken is tender. Serve hot.
",9.081999,8.675277
North Korea,Kimchi,"A Korean dish of fermented vegetables, typically cabbage, seasoned with chili pepper, garlic, and ginger","Ingredients: 1 napa cabbage, 1/4 cup salt, 4 cloves garlic, 1 tbsp ginger, 1 tbsp sugar, 2 tbsp fish sauce, 2 tbsp chili powder
 Instructions: Chop cabbage, sprinkle with salt, let sit for 2 hours. Rinse and drain. Mix garlic, ginger, sugar, fish sauce, and chili powder. Coat cabbage with mixture, pack into a jar, ferment at room temperature for 1-5 days. Serve chilled.
",40.339852,127.510093
North Macedonia (formerly Macedonia),Tavče Gravče,A North Macedonian dish of baked beans cooked with onions and peppers,"Ingredients: 2 cups white beans, 2 onions, 2 tomatoes, 2 cloves garlic, 1 tbsp paprika, 1 tsp cumin, salt, pepper, oil
 Instructions: Cook beans until tender, set aside. Sauté onions and garlic in oil, add tomatoes, paprika, cumin, salt, and pepper. Add beans, simmer until thickened. Serve hot.
",41.608635,21.745275
Norway,Kjøttkaker,"A Norwegian dish of meatballs made from ground meat, served with potatoes and gravy","Ingredients: 500g ground beef, 1 onion, 1 egg, 1/2 cup breadcrumbs, salt, pepper, butter for frying
 Instructions: Mix all ingredients thoroughly. Shape into small balls. Fry in butter until golden brown and cooked through. Serve with boiled potatoes and gravy.
",60.472024,8.468946
Oman,Shuwa,"A traditional Omani dish where marinated lamb is slow-cooked in an underground sand oven, resulting in tender, flavorful meat.","Ingredients: 1 whole lamb (about 10-12 kg), 10 cloves garlic, 2 tbsp ground cumin, 2 tbsp ground coriander, 1 tbsp ground cinnamon, 1 tbsp ground black pepper, 1 tbsp ground cloves, 1 cup vinegar, banana leaves
 Instructions: Score the lamb and rub it with garlic and vinegar. Mix all the spices and rub onto the lamb. Wrap the lamb in banana leaves and then in a sack. Place the lamb in an underground sand oven, cover with hot coals, and cook for 24-48 hours until tender.
",21.512583,55.923255
Pakistan,Biryani,"A fragrant and flavorful rice dish layered with spiced meat, often garnished with saffron and fried onions.","Ingredients: 500g basmati rice, 1kg chicken, 200g yogurt, 2 large onions, 2 tomatoes, 4 cloves garlic, 1 tbsp ginger paste, 1 tsp cumin, 1 tsp coriander, 1 tsp garam masala, 1 tsp turmeric, 1 tsp chili powder, 2 tbsp ghee or oil, saffron threads soaked in warm milk, salt
 Instructions: Cook rice until 70% done and set aside. Sauté onions in ghee, add garlic and ginger, then add chicken and brown. Add tomatoes, spices, and yogurt, cook until chicken is tender. In a pot, layer rice and chicken mixture, sprinkle with saffron milk. Cover and cook on low heat for 20 minutes.
",30.375321,69.345116
Palau,Tinola,"A comforting chicken soup with green papaya and chili leaves, known for its gingery broth.","Ingredients: 1kg chicken, 1 green papaya (sliced), 2 cups chili leaves, 1 large onion, 4 cloves garlic, 1 thumb-sized ginger, 4 cups chicken broth, 2 tbsp fish sauce, salt and pepper
 Instructions: Sauté garlic, onion, and ginger until fragrant. Add chicken and fish sauce, cook until chicken is done. Add chicken broth and green papaya, simmer until papaya is tender. Stir in chili leaves and season with salt and pepper.
",7.51498,134.58252
Palestine State,Musakhan,"A Palestinian dish featuring sumac-spiced chicken baked on flatbread, offering a tangy and savory flavor.","Ingredients: 1 whole chicken, 4 large onions, 1/4 cup sumac, 1/4 cup olive oil, 4 pieces of flatbread, 1 tsp allspice, salt and pepper
 Instructions: Sauté onions in olive oil until soft, add chicken pieces and brown. Sprinkle with sumac, allspice, salt, and pepper. Place the mixture on flatbreads and bake in the oven at 180°C for 20 minutes.
",31.952162,35.233154
Panama,Sancocho,"A hearty Panamanian stew made with chicken and root vegetables, seasoned with culantro and oregano.","Ingredients: 1 whole chicken, 2 yucca roots (peeled and chopped), 2 plantains (peeled and chopped), 2 ears of corn (cut into chunks), 1 large onion, 4 cloves garlic, 1 tbsp oregano, 1 bunch culantro, salt and pepper
 Instructions: Cook chicken with garlic and onion until browned. Add yucca, plantains, corn, and enough water to cover. Season with oregano, culantro, salt, and pepper. Simmer until vegetables are tender.
",8.537981,-80.782127
Papua New Guinea,Mumu,"A traditional Papua New Guinean dish where pork and vegetables are cooked in a pit lined with hot stones, often with coconut milk added.","Ingredients: 1kg pork, 4 sweet potatoes, 4 taro roots, 2 bunches of greens, 1 liter coconut milk, banana leaves
 Instructions: Layer pork, sweet potatoes, taro, and greens in a large pit lined with hot stones. Cover with banana leaves and cook for several hours until everything is tender. Add coconut milk before serving.
",-6.314993,147.325653
Paraguay,Sopa Paraguaya,"A dense, cheesy cornbread from Paraguay, often enjoyed as a savory side dish.","Ingredients: 500g cornmeal, 200g cheese (grated), 1 liter milk, 1 large onion (chopped), 4 eggs, 2 tbsp butter, salt
 Instructions: Sauté onions in butter until soft. Mix cornmeal, cheese, milk, and onions. Beat eggs and add to the mixture. Pour into a baking dish and bake at 180°C for 30-40 minutes until firm and golden.
",-23.442503,-58.443832
Peru,Ceviche,"A popular Peruvian dish where fresh fish is marinated in lime juice, mixed with onions, cilantro, and chili peppers.","Ingredients: 500g fresh fish (cubed), 1 cup lime juice, 1 red onion (thinly sliced), 1 bunch cilantro (chopped), 1-2 chili peppers (chopped), salt
 Instructions: Marinate fish in lime juice for 10-15 minutes until opaque. Mix with onions, cilantro, and chili peppers. Season with salt and serve immediately.
",-9.189967,-75.015152
Philippines,Adobo,"A Filipino dish of marinated pork or chicken, simmered in vinegar, soy sauce, and garlic, creating a rich and savory flavor.","Ingredients: 1kg pork or chicken, 1/2 cup vinegar, 1/4 cup soy sauce, 4 cloves garlic, 2 bay leaves, 1 tsp black peppercorns, 1 tbsp oil, salt
 Instructions: Marinate meat in vinegar, soy sauce, garlic, bay leaves, and peppercorns for at least 1 hour. Heat oil in a pot and brown the meat. Add marinade and simmer until meat is tender and sauce is reduced.
",12.879721,121.774017
Poland,Bigos,"A traditional Polish stew made with sauerkraut and a variety of meats, slow-cooked for a rich, hearty meal.","Ingredients: 1kg sauerkraut, 500g pork shoulder, 500g beef, 200g sausage, 1 large onion, 200g mushrooms, 2 bay leaves, 1 tsp allspice, salt and pepper
 Instructions: Cook meats with onions and mushrooms until browned. Add sauerkraut, bay leaves, allspice, salt, and pepper. Simmer for 2-3 hours until flavors meld.
",51.919438,19.145136
Portugal,Bacalhau à Brás,"A Portuguese dish made from shredded salt cod, potatoes, and eggs, garnished with olives.","Ingredients: 500g salt cod, 4 large potatoes, 2 onions, 6 eggs, 1/2 cup olives, 1/4 cup olive oil, salt
 Instructions: Desalt and cook cod, then shred. Sauté onions in olive oil, add shredded cod and thinly sliced potatoes. Beat eggs and add to the mixture. Cook until eggs are set. Garnish with olives.
",39.399872,-8.224454
Qatar,Machboos,"A Qatari spiced rice dish with meat, often lamb or chicken, cooked with tomatoes and a blend of spices.","Ingredients: 500g basmati rice, 1kg lamb or chicken, 2 large onions, 2 tomatoes, 1 tsp turmeric, 1 tsp cumin, 1 tsp cinnamon, 2 tbsp ghee or oil, salt, 4 cups water
 Instructions: Sauté onions in ghee, add meat and brown. Add tomatoes, spices, and water, cook until meat is done. Add rice and simmer until rice is cooked.
",25.354826,51.183884
Romania,Sarmale,"A Romanian dish of cabbage leaves stuffed with a mixture of ground pork and rice, simmered in tomato sauce.","Ingredients: 1 large cabbage, 500g ground pork, 1 cup cooked rice, 1 large onion, 1 bunch dill, 1 can tomato sauce, salt and pepper
 Instructions: Mix ground pork with cooked rice, chopped onion, and dill. Blanch cabbage leaves and wrap the pork mixture in them. Place in a pot, cover with tomato sauce, and simmer until cooked through.
",45.943161,24.96676
Russia,Borscht,"A Russian beet soup with cabbage and potatoes, served with a dollop of sour cream and fresh dill.","Ingredients: 4 large beets, 1/2 head cabbage, 4 potatoes, 2 carrots, 1 large onion, 4 cups beef broth, 1/2 cup sour cream, 1 bunch dill, salt and pepper
 Instructions: Cook beets, cabbage, potatoes, and carrots in beef broth until tender. Sauté onions and add to the soup. Serve with a dollop of sour cream and fresh dill.
",61.52401,105.318756
Rwanda,Brochettes,"A Rwandan dish of cassava leaves cooked with peanuts, onions, and garlic in palm oil, typically served with rice or plantains.","Ingredients: 500g cassava leaves, 200g ground peanuts, 1 large onion, 2 cloves garlic, 1/4 cup palm oil, salt
 Instructions: Cook cassava leaves with ground peanuts, chopped onions, and garlic in palm oil until tender. Season with salt and serve with rice or plantains.
",-1.940278,29.873888
Saint Kitts and Nevis,Stewed Saltfish,"A traditional dish from Saint Kitts and Nevis made with salted fish sautéed with onions, bell peppers, and tomatoes, often served with boiled dumplings or breadfruit.","Ingredients: 500g saltfish, 1 large onion, 1 bell pepper, 2 tomatoes, 2 cloves garlic, 1 tbsp tomato paste, 2 sprigs thyme, 1 tbsp vegetable oil, salt and pepper
 Instructions: Soak saltfish overnight and boil until tender. Flake fish and set aside. Sauté onions, garlic, and bell pepper in oil. Add tomatoes, tomato paste, and thyme, cook until soft. Add flaked fish, season with salt and pepper, and simmer for 10 minutes.
",17.357822,-62.782998
Saint Lucia,Green Fig and Saltfish,"A beloved dish in Saint Lucia featuring salted fish mixed with green bananas, onions, bell peppers, and tomatoes.","Ingredients: 500g saltfish, 6 green bananas, 1 large onion, 1 bell pepper, 2 tomatoes, 2 cloves garlic, 1 tbsp vegetable oil, salt and pepper
 Instructions: Soak saltfish overnight and boil until tender. Flake fish and set aside. Boil green bananas until tender, peel and slice. Sauté onions, garlic, and bell pepper in oil. Add tomatoes and cook until soft. Add flaked fish and sliced bananas, season with salt and pepper, and cook for 5 minutes.
",13.909444,-60.978893
Saint Vincent and the Grenadines,Roasted Breadfruit and Fried Jackfish,"A classic dish from Saint Vincent and the Grenadines, where breadfruit is roasted and served with fried jackfish.","Ingredients: 1 breadfruit, 500g jackfish, 1 large onion, 1 bell pepper, 2 cloves garlic, 1 lime, salt and pepper, vegetable oil
 Instructions: Roast breadfruit until tender, peel and slice. Season jackfish with lime juice, salt, and pepper. Sauté onions, garlic, and bell pepper in oil. Fry jackfish until golden brown. Serve with roasted breadfruit.
",13.252817,-61.287228
Samoa,Oka i'a,"A refreshing Samoan dish where fresh fish is marinated in coconut cream with onions, tomatoes, and chilies.","Ingredients: 500g fresh fish (cubed), 1 cup coconut cream, 1 large onion, 1 bunch spring onions, 2 tomatoes, 2 chilies, salt
 Instructions: Marinate fish in lime juice and salt for 10 minutes. Mix coconut cream, chopped onion, spring onions, tomatoes, and chilies. Add marinated fish and mix well. Serve chilled.
",-13.759029,-172.104629
San Marino,Torta Tre Monti,A famous dessert from San Marino consisting of layered wafers and chocolate-hazelnut filling.,"Ingredients: 500g wafers, 200g chocolate, 100g hazelnuts, 100g sugar, 100g butter
 Instructions: Melt chocolate and butter in a double boiler. Stir in sugar and chopped hazelnuts. Layer wafers with chocolate mixture. Chill until set, then slice.
",43.94236,12.457777
Sao Tome and Principe,Calulu,"A flavorful fish and vegetable stew from Sao Tome and Principe, typically cooked with palm oil and seasoned with garlic.","Ingredients: 500g fish, 2 onions, 2 tomatoes, 200g spinach, 1 eggplant, 2 cloves garlic, 1 tbsp palm oil, salt and pepper
 Instructions: Sauté onions and garlic in palm oil. Add fish and brown. Add tomatoes, spinach, eggplant, and water. Season with salt and pepper. Simmer until vegetables are tender.
",0.18636,6.613081
Saudi Arabia,Kabsa,"A traditional Saudi Arabian spiced rice dish with chicken or lamb, garnished with raisins and almonds.","Ingredients: 1kg chicken or lamb, 2 cups basmati rice, 2 large onions, 2 tomatoes, 1 cup yogurt, 2 tbsp baharat spice mix, 1 tsp turmeric, 1 tsp cumin, 1/2 tsp saffron, 1/4 cup raisins, 1/4 cup slivered almonds, 4 cloves garlic, salt
 Instructions: Cook rice with saffron and set aside. Sauté onions and garlic, add meat and brown. Add tomatoes, spices, yogurt, and water, simmer until meat is tender. Layer rice with meat mixture, top with raisins and almonds. Bake at 180°C for 20 minutes.
",23.885942,45.079162
Senegal,Thieboudienne,"A Senegalese fish and rice dish, often cooked with tomatoes, onions, carrots, and cabbage, flavored with parsley and garlic.","Ingredients: 1kg fish, 2 cups rice, 1 large onion, 2 tomatoes, 1 carrot, 1 cabbage, 1 bell pepper, 1 bunch parsley, 2 cloves garlic, 1 tbsp tomato paste, salt and pepper
 Instructions: Cook fish with garlic and set aside. Sauté onions, add tomatoes, tomato paste, and chopped vegetables, cook until tender. Add rice and water, simmer until rice is cooked. Mix in cooked fish and parsley.
",14.497401,-14.452362
Serbia,Ćevapi,"A popular Serbian dish of grilled minced meat sausages, often served with flatbread and onions.","Ingredients: 500g ground beef, 1 large onion, 2 cloves garlic, 1 tsp paprika, 1 tsp cumin, 1 tsp salt, 1/2 tsp black pepper, 1 tbsp vegetable oil
 Instructions: Mix ground beef with chopped onions, garlic, and spices. Form into small sausages. Grill or fry until cooked through. Serve with flatbread and onions.
",44.016521,21.005859
Seychelles,Grilled Fish,"A staple in Seychelles cuisine where whole fish is grilled and seasoned with garlic, lemon juice, and olive oil.","Ingredients: 1 whole fish, 2 cloves garlic, 1 lemon, 1 tbsp olive oil, salt and pepper
 Instructions: Clean and season fish with garlic, lemon juice, olive oil, salt, and pepper. Grill until cooked through and golden brown.
",-4.679574,55.491977
Sierra Leone,Groundnut Stew,"A hearty chicken stew from Sierra Leone cooked with onions, tomatoes, and peanut butter for a rich, savory flavor.","Ingredients: 1kg chicken, 2 large onions, 2 tomatoes, 4 cloves garlic, 1 cup peanut butter, 1 tbsp vegetable oil, salt and pepper
 Instructions: Sauté onions and garlic in oil. Add chicken and brown. Add tomatoes and water, simmer until chicken is tender. Stir in peanut butter, season with salt and pepper, and cook until sauce thickens.
",8.460555,-11.779889
Singapore,Hainanese Chicken Rice,"A famous Singaporean dish of poached chicken served with fragrant rice, accompanied by ginger, garlic, and chili sauces.","Ingredients: 1 whole chicken, 4 cups chicken broth, 2 cups jasmine rice, 1 large onion, 4 cloves garlic, 1 thumb-sized ginger, 1 bunch cilantro, 1 cucumber, salt and pepper
 Instructions: Boil chicken with garlic, ginger, and onion until cooked. Remove chicken and set aside. Cook rice in chicken broth. Serve chicken sliced with rice, garnished with cilantro and cucumber.
",1.352083,103.819836
Slovakia,Bryndzové Halušky,"A traditional Slovak dish of potato dumplings mixed with bryndza cheese, topped with crispy bacon and served with sour cream.","Ingredients: 500g potato dumplings, 200g bryndza cheese, 100g bacon, 1 large onion, 1 tbsp sour cream
 Instructions: Cook dumplings in salted water and drain. Mix with bryndza cheese. Sauté bacon and onions until crispy, sprinkle over dumplings. Serve with sour cream.
",48.669026,19.699024
Slovenia,Kranjska Klobasa,"A Slovenian sausage made from pork, seasoned with garlic and paprika, typically served with bread.","Ingredients: 500g pork sausage, 1 large onion, 2 cloves garlic, 1 tsp paprika, 1 tbsp vegetable oil
 Instructions: Sauté onions and garlic in oil. Add sausage and cook until browned. Sprinkle with paprika and serve with bread.
",46.151241,14.995463
Solomon Islands,Poi,A staple food in the Solomon Islands made from boiled and mashed taro root mixed with coconut milk.,"Ingredients: 500g taro root, 2 cups coconut milk, 1 large onion, 2 cloves garlic, salt
 Instructions: Boil taro root until tender, mash with coconut milk. Sauté onions and garlic, mix into taro. Season with salt.
",-9.64571,160.156194
Somalia,Canjeero,"A type of Somali flatbread made from flour, water, and salt, cooked on a hot griddle until golden brown.","Ingredients: 500g flour, 1 tsp salt, 1 tbsp vegetable oil, water
 Instructions: Mix flour, salt, and oil, add water to form a dough. Let rest for 30 minutes. Roll into thin circles and cook on a hot griddle until golden brown.
",5.152149,45.079162
South Africa,Bobotie,"A classic South African dish where spiced minced meat is baked with an egg-based topping, often served with yellow rice.","Ingredients: 500g ground beef, 1 large onion, 2 cloves garlic, 1 cup milk, 1 cup bread crumbs, 1 tbsp curry powder, 1 tbsp vegetable oil
 Instructions: Sauté onions and garlic in oil. Add ground beef and brown. Mix in bread crumbs soaked in milk, add curry powder. Bake at 180°C for 30 minutes.
",-30.559482,22.937506
South Korea,Kimchi,"A staple Korean side dish of fermented cabbage mixed with chili powder, garlic, ginger, and fish sauce.","Ingredients: 1 large cabbage, 1/2 cup salt, 2 tbsp gochugaru (Korean chili powder), 4 cloves garlic, 1 thumb-sized ginger, 2 tbsp fish sauce, 1 tbsp sugar
 Instructions: Slice cabbage and mix with salt, let sit for 1 hour. Rinse and drain. Mix gochugaru, minced garlic, ginger, fish sauce, and sugar. Combine with cabbage. Pack into jars and ferment for 3-5 days.
",35.907757,127.766922
South Sudan,Ful Medames,"A traditional dish in South Sudan made from mashed fava beans seasoned with garlic, lemon juice, and olive oil, served with bread.","Ingredients: 500g fava beans, 4 cloves garlic, 1 lemon, 1 tbsp olive oil, salt and pepper
 Instructions: Soak fava beans overnight and boil until tender. Mash beans with garlic, lemon juice, olive oil, salt, and pepper. Serve with bread.
",7.862684,30.154094
Spain,Paella,"A famous Spanish rice dish cooked with a variety of seafood, saffron, and vegetables, known for its vibrant colors and rich flavors.","Ingredients: 2 cups rice, 1kg seafood mix (shrimp, mussels, clams), 1 large onion, 2 tomatoes, 1 bell pepper, 2 cloves garlic, 1 tsp saffron, 4 cups chicken broth, 1/4 cup olive oil, salt
 Instructions: Sauté onions, garlic, and bell pepper in olive oil. Add tomatoes and saffron, cook until soft. Add rice and broth, simmer until rice is nearly cooked. Add seafood mix and cook until seafood is done. Season with salt.
",40.463667,-3.74922
Sri Lanka,Fish Ambul Thiyal,"A Sri Lankan sour fish curry cooked with tamarind paste and coconut milk, offering a tangy and creamy taste.","Ingredients: 1kg fish, 1 cup coconut milk, 2 tbsp tamarind paste, 1 large onion, 2 cloves garlic, 1 thumb-sized ginger, salt
 Instructions: Cut fish into pieces, season with salt. Sauté onions, garlic, and ginger. Add tamarind paste and coconut milk, simmer until thickened. Add fish and cook until done.
",7.873054,80.771797
Sudan,Kisra,"A Sudanese flatbread made from sorghum flour, typically served with stews and other savory dishes.","Ingredients: 500g sorghum flour, 1 liter water, 1 tsp salt
 Instructions: Boil water and add salt. Gradually stir in sorghum flour, cook until thickened. Serve with stew.
",12.862807,30.217636
Suriname,Pom,"A traditional dish from Suriname made with chicken, celery, and tomatoes, typically served with rice.","Ingredients: 500g chicken, 3 tbsp soy sauce, 2 tbsp lime juice, 1 large onion, 1 bell pepper, 2 tomatoes, 4 cloves garlic, 1 tbsp tomato paste, 1/2 cup chopped celery, 3 tbsp butter, salt and pepper
 Instructions: Marinate chicken in soy sauce and lime juice. Sauté onions, garlic, and bell pepper in butter. Add tomatoes, tomato paste, and celery, cook until soft. Add marinated chicken, season with salt and pepper, and simmer until chicken is tender. Serve with rice.
",3.919305,-56.027783
Sweden,Swedish Meatballs,"A Swedish dish of ground beef mixed with onions, garlic, and breadcrumbs, formed into meatballs and served with lingonberry sauce.","Ingredients: 500g ground beef, 1 large onion, 2 cloves garlic, 1 egg, 1/2 cup breadcrumbs, 1/2 cup milk, salt and pepper
 Instructions: Mix ground beef with chopped onion, minced garlic, egg, breadcrumbs, milk, salt, and pepper. Form into meatballs and fry in butter until cooked through. Serve with lingonberry sauce and mashed potatoes.
",60.128161,18.643501
Switzerland,Fondue,A Swiss dish where Gruyère and Emmental cheeses are melted with white wine and served with bread cubes for dipping.,"Ingredients: 200g Gruyère cheese, 200g Emmental cheese, 1 clove garlic, 1 cup white wine, 1 tbsp cornstarch, 1 tbsp kirsch, nutmeg, black pepper, baguette
 Instructions: Rub pot with garlic clove. Heat wine and bring to a simmer. Gradually add grated cheeses, stirring until melted. Dissolve cornstarch in kirsch, add to pot. Season with nutmeg and pepper. Serve with bread cubes.
",46.818188,8.227512
Syria,Kibbeh,"A Syrian dish of ground lamb mixed with bulgur wheat and pine nuts, formed into patties and fried until golden brown.","Ingredients: 500g ground lamb, 1 large onion, 1 cup bulgur wheat, 1 tbsp pine nuts, 1 tsp allspice, 1 tsp cinnamon, salt and pepper
 Instructions: Mix ground lamb with chopped onion, bulgur wheat, pine nuts, allspice, cinnamon, salt, and pepper. Form into oval patties and fry until golden brown. Serve with yogurt sauce.
",34.802075,38.996815
Tajikistan,Qurutob,"A traditional Tajik dish of yogurt mixed with onions, tomatoes, cucumbers, and soaked pita bread.","Ingredients: 200g yogurt, 1 large onion, 2 tomatoes, 2 cucumbers, 1 bunch cilantro, 2 pita breads, 1 tbsp vegetable oil, salt
 Instructions: Tear pita bread into pieces and soak in water. Mix yogurt with chopped onion, tomatoes, cucumbers, and cilantro. Squeeze water from pita bread and add to yogurt mixture. Drizzle with vegetable oil and sprinkle with salt.
",38.861034,71.276093
Tanzania,Ugali,"A staple in Tanzanian cuisine made from maize flour, cooked into a thick porridge and served with meat or vegetable stew.","Ingredients: 2 cups maize flour, 4 cups water, salt
 Instructions: Boil water and add a pinch of salt. Gradually add maize flour, stirring continuously until thickened. Serve with meat or vegetable stew.
",-6.369028,34.888822
Thailand,Pad Thai,"A famous Thai dish of rice noodles stir-fried with shrimp, eggs, bean sprouts, and chives, flavored with fish sauce and tamarind paste.","Ingredients: 200g rice noodles, 200g shrimp, 2 eggs, 1 cup bean sprouts, 1 bunch chives, 2 cloves garlic, 1 tbsp fish sauce, 1 tbsp tamarind paste, 1 tbsp sugar, 1 lime, crushed peanuts
 Instructions: Soak rice noodles in water. Sauté garlic in oil, add shrimp and cook until pink. Push shrimp to one side, scramble eggs in the same pan. Add noodles, fish sauce, tamarind paste, and sugar. Stir in bean sprouts and chives. Serve with lime wedges and crushed peanuts.
",15.870032,100.992541
Timor-Leste,Ikan Sabuko,A popular dish from Timor-Leste where fish is marinated in tamarind paste and cooked with coconut milk.,"Ingredients: 500g fish, 2 cloves garlic, 1 thumb-sized ginger, 1 cup coconut milk, 2 tbsp tamarind paste, 1 large onion, salt
 Instructions: Marinate fish in tamarind paste and salt. Sauté onions, garlic, and ginger. Add marinated fish and cook until browned. Pour in coconut milk, simmer until sauce thickens. Serve with rice.
",-8.874217,125.727539
Togo,Fufu,"A staple dish in Togo made from cassava flour, cooked into a thick dough and served with soup or stew.","Ingredients: 500g cassava flour, 4 cups water, salt
 Instructions: Boil water and add a pinch of salt. Gradually add cassava flour, stirring continuously until thickened. Serve with soup or stew.
",8.619543,0.824782
Tonga,Lū Sipi,"A Tongan dish of lamb cooked in coconut milk and soy sauce, often served with taro or yam.","Ingredients: 500g lamb, 1 large onion, 2 cloves garlic, 1 cup coconut milk, 2 tbsp soy sauce, salt
 Instructions: Marinate lamb in soy sauce. Sauté onions and garlic, add lamb and brown. Pour in coconut milk, simmer until lamb is tender. Serve with taro or yam.
",-21.178986,-175.198242
Trinidad and Tobago,Pelau,"A traditional dish from Trinidad and Tobago made with chicken, rice, and coconut milk, flavored with curry powder.","Ingredients: 500g chicken, 2 cups rice, 1 large onion, 2 cloves garlic, 1 cup coconut milk, 1 tsp curry powder, salt and pepper
 Instructions: Sauté onions and garlic, add chicken and brown. Add rice, coconut milk, curry powder, and water. Season with salt and pepper. Cook until rice is done and chicken is tender. Serve hot.
",10.691803,-61.222503
Tunisia,Couscous,"A classic Tunisian dish of steamed couscous served with lamb, vegetables, and chickpeas, seasoned with harissa and spices.","Ingredients: 500g couscous, 500g lamb, 1 large onion, 2 carrots, 2 zucchinis, 1 can chickpeas, 1 tbsp tomato paste, 1 tsp harissa, 1 tsp cumin, 1 tsp paprika, 1/2 tsp turmeric, salt, olive oil
 Instructions: Steam couscous and set aside. Sauté onions, add lamb and brown. Add spices, tomato paste, and water, simmer until lamb is tender. Add carrots, zucchinis, and chickpeas, cook until vegetables are tender. Serve meat and vegetables over couscous.
",33.886917,9.537499
Turkey,Kebabs,"A popular Turkish dish where lamb or chicken is marinated in yogurt and spices, then grilled or skewered.","Ingredients: 1kg lamb or chicken, 2 cups yogurt, 4 cloves garlic, 1 large onion, 1 tbsp cumin, 1 tbsp paprika, salt and pepper
 Instructions: Marinate meat in yogurt, garlic, cumin, and paprika. Grill or skewer meat until cooked through. Serve with flatbread and vegetables.
",38.963745,35.243322
Turkmenistan,Plov,"A traditional dish from Turkmenistan made with rice, lamb, carrots, and spices, cooked until tender.","Ingredients: 500g rice, 500g lamb, 2 large carrots, 1 large onion, 1 tsp cumin, 1 tsp coriander, 1/2 tsp turmeric, salt and pepper
 Instructions: Sauté onions, add lamb and brown. Add spices, water, and simmer until lamb is tender. Add julienned carrots, cook until soft. Stir in rice, add water, cook until rice is done. Serve hot.
",38.969719,59.556278
Tuvalu,Pulaka,A staple food in Tuvalu made from boiled and mashed pulaka mixed with coconut cream.,"Ingredients: 500g pulaka (swamp taro), 1 cup coconut cream, salt
 Instructions: Peel and slice pulaka, boil until tender. Mash with coconut cream and salt. Serve as a side dish.
",-7.109535,179.194555
Uganda,Matoke,"A popular Ugandan dish made with boiled and mashed green bananas, often served with a tomato and onion sauce.","Ingredients: 500g green bananas, 1 large onion, 2 tomatoes, 2 cloves garlic, 1 tsp curry powder, salt
 Instructions: Peel and slice bananas, boil until tender. Sauté onions, garlic, and tomatoes. Add boiled bananas, curry powder, and salt. Cook for 5 minutes. Serve hot.
",1.373333,32.290275
Ukraine,Borscht,"A traditional Ukrainian beet soup made with potatoes, cabbage, and beef broth, served with sour cream.","Ingredients: 500g beets, 2 large potatoes, 1 large onion, 1 carrot, 1/2 cabbage, 4 cups beef broth, 2 cloves garlic, 1 tbsp vinegar, salt and pepper
 Instructions: Sauté onions, garlic, and carrots. Add chopped beets, potatoes, and cabbage. Pour in beef broth, simmer until vegetables are tender. Add vinegar, salt, and pepper. Serve with sour cream.
",48.379433,31.16558
United Arab Emirates,Machboos,"A traditional dish from the UAE made with lamb, rice, and spices, often served with a side of yogurt.","Ingredients: 500g lamb, 2 cups basmati rice, 1 large onion, 2 cloves garlic, 1 tsp baharat spice mix, 1/2 tsp turmeric, salt
 Instructions: Sauté onions and garlic, add lamb and brown. Add spices and water, simmer until lamb is tender. Stir in rice, cook until rice is done. Serve hot.
",23.424076,53.847818
United Kingdom,Fish and Chips,A classic British dish of battered and fried cod served with fries and tartar sauce.,"Ingredients: 500g cod, 4 large potatoes, 1 cup flour, 1 cup beer, salt and pepper
 Instructions: Cut cod into pieces, season with salt and pepper. Dip in batter made from flour and beer. Fry until golden brown. Serve with fries and tartar sauce.
",55.378051,-3.435973
United States,Burger,"An American favorite consisting of a grilled beef patty served on a bun with cheese, lettuce, tomato, and condiments.","Ingredients: 500g ground beef, 4 burger buns, 4 slices cheese, lettuce, tomato, onion, ketchup, mustard
 Instructions: Form ground beef into patties, season with salt and pepper. Grill or fry until cooked to preference. Assemble burgers with buns, cheese, lettuce, tomato, onion, ketchup, and mustard. Serve hot.
",37.09024,-95.712891
Uruguay,Asado,"A traditional Uruguayan dish of grilled beef ribs, often served with chimichurri sauce.","Ingredients: 1kg beef ribs, 1 large onion, 2 cloves garlic, 1 cup red wine, 1 cup beef broth, 1 tbsp oregano, salt and pepper
 Instructions: Marinate beef ribs in red wine, garlic, and oregano. Grill until cooked through, basting with beef broth. Serve with chimichurri sauce.
",-32.522779,-55.765835
Uzbekistan,Palov,"A popular Uzbek dish of rice, lamb, and carrots, seasoned with cumin and coriander.","Ingredients: 500g rice, 500g lamb, 2 large carrots, 1 large onion, 1 tsp cumin, 1 tsp coriander, 1/2 tsp turmeric, salt and pepper
 Instructions: Sauté onions, add lamb and brown. Add spices, water, and simmer until lamb is tender. Add julienned carrots, cook until soft. Stir in rice, add water, cook until rice is done. Serve hot.
",41.377491,64.585262
Vanuatu,Lap Lap,A staple dish in Vanuatu made from boiled and mashed taro root mixed with coconut cream.,"Ingredients: 500g taro root, 1 cup coconut cream, salt
 Instructions: Peel and slice taro, boil until tender. Mash with coconut cream and salt. Serve as a side dish.
",-15.376706,166.959158
Venezuela,Arepas,"A Venezuelan dish of cornmeal cakes served with a savory filling of beef, onions, and tomatoes.","Ingredients: 500g cornmeal, 1 cup water, 1 cup milk, 1 tbsp butter, salt
 Instructions: Mix cornmeal with water and milk, cook until thickened. Stir in butter and salt. Serve as a side dish.
",6.42375,-66.58973
Vietnam,Pho,"A famous Vietnamese noodle soup made with beef, rice noodles, and fresh herbs, flavored with lime and fish sauce.","Ingredients: 500g beef, 1 large onion, 2 tomatoes, 2 cloves garlic, 1 tsp cumin, 1 tsp paprika, salt and pepper
 Instructions: Sauté onions and garlic, add beef and brown. Add tomatoes and spices, simmer until beef is tender. Serve with arepas.
",14.058324,108.277199
Yemen,Mandi,"A Yemeni dish of spiced chicken and rice, often served with a side of yogurt.","Ingredients: 200g rice noodles, 200g beef, 1 large onion, 4 cups beef broth, 2 cloves garlic, 1 thumb-sized ginger, 1 bunch cilantro, 1 lime, fish sauce, bean sprouts
 Instructions: Sauté onions, garlic, and ginger. Add beef broth and bring to a boil. Add sliced beef and rice noodles, cook until tender. Serve with cilantro, lime wedges, fish sauce, and bean sprouts.
",15.552727,48.516388
Zambia,Nshima,"A staple food in Zambia made from maize flour, cooked into a thick porridge and served with meat or vegetable stew.","Ingredients: 1 whole chicken, 2 cups basmati rice, 1 large onion, 4 cloves garlic, 1 tbsp baharat spice mix, salt
 Instructions: Sauté onions and garlic, add chicken and brown. Add spices and water, simmer until chicken is tender. Stir in rice, cook until rice is done. Serve hot.
",-13.133897,27.849332
Zimbabwe,Sadza,"A staple food in Zimbabwe made from maize flour, cooked into a thick porridge and served with meat or vegetable stew.","Ingredients: 2 cups maize flour, 4 cups water, salt
 Instructions: Boil water and add a pinch of salt. Gradually add maize flour, stirring continuously until thickened. Serve with meat or vegetable stew.
",-19.015438,29.154857
